event_index,tenpo_id,tenpo_name,matched_by,score,summary,old_address,new_address,old_map_url,new_map_url
2,TENPO#77f42e59665b,N,https://us04web.zoom.us/j/73801844851?pwd=72Me6QaFYwbzncuJxJovs8cn6cF86x.1,98.0,梅岡打合せ,,https://us04web.zoom.us/j/73801844851?pwd=72Me6QaFYwbzncuJxJovs8cn6cF86x.1,,
6,TENPO#0037,ラゾーナ川崎,〒212-0013 神奈川県川崎市幸区堀川町７２−１ ラゾーナ川崎プラザ,94.6,【スポット清掃】株式会社JCC 泡盛と沖縄地料理 龍泉ラゾーナ川崎店,,〒212-0013 神奈川県川崎市幸区堀川町７２−１ ラゾーナ川崎プラザ,,
7,TENPO#0018,西新宿店,デイジイ西新宿店 (DAISY),90.6,パン屋 デイジイ daisy西新宿,,"デイジイ西新宿店 (DAISY), 日本、〒160-0023 東京都新宿区西新宿６丁目１１−３ Dタワー西新宿 １階",,
11,TENPO#0077,ようさい,株式会社CatchBall 横浜　ようさい　設置業務,91.8,株式会社CatchBall 横浜　ようさい　設置業務,,"はせ茂 居酒屋レストラン 横浜, 日本、〒221-0822 神奈川県横浜市神奈川区西神奈川２丁目６−３ ハイアール富田",,
14,TENPO#0016,渋谷駅前店,CRAFT CHEESE MARKET 渋谷駅前店,92.4,CRAFT CHEESE MARKET 渋谷駅前店,,"CRAFT CHEESE MARKET 渋谷駅前店, 日本、〒150-0042 東京都渋谷区宇田川町２５−４ ダッキープラザ B1F",,
18,TENPO#0029,日本橋茅場町店,Darts Bar A's 日本橋茅場町店,91.4,ダーツバー A`s  茅場町tenn,,"Darts Bar A's 日本橋茅場町店, 日本、〒103-0026 東京都中央区日本橋兜町９−２ 兜町第二ビル 2F",,
24,TENPO#0115,神楽坂店,Darts Bar A's 神楽坂店,90.8,ダーツバー A's　清掃　神楽坂,,"Darts Bar A's 神楽坂店, 日本、〒162-0825 東京都新宿区神楽坂１丁目１０ 會田ビル 4F",,
27,TENPO#0083,本店,東京都杉並区上荻1-10-4 広瀬ビル 1階 (もつ吉本店）,92.6,株式会社リディファインダイニング,,東京都杉並区上荻1-10-4 広瀬ビル 1階 (もつ吉本店）,,
29,TENPO#0066,赤塚店,いのこ板橋区赤塚店,89.8,いのこ板橋区赤塚店,,"麺処いのこ 赤塚店, 日本、〒175-0093 東京都板橋区赤塚新町３丁目８−２５",,
31,TENPO#0013,池袋東口店,FEEEP池袋東口店,90.0,方針発表会,,"FEEEP池袋東口店, 日本、〒171-0022 東京都豊島区南池袋１丁目２２−１ 池袋1221ビル 2F",,
32,TENPO#0071,大勝軒まるいち 新宿東南口店,大勝軒まるいち新宿東南口店,100.0,大勝軒まるいち新宿西口　ファンベルト交換　松永さん立ち会い,,"大勝軒まるいち新宿東南口店, 日本、〒160-0022 東京都新宿区新宿３丁目３４−３",,
33,TENPO#0107,とんかつさくら,とんかつさくら　茅場町,90.0,レンジフードシロッコファン取り付け,,とんかつさくら　茅場町,,
34,TENPO#0066,赤塚店,・住所：東京都板橋区赤塚新町3-8-25 (麺処いのこ赤塚店）,93.0,麺処いのこ　FS沖さん営業,,"麺処いのこ 赤塚店, 日本、〒175-0093 東京都板橋区赤塚新町３丁目８−２５",,
35,TENPO#0057,弐,〒105-0004 東京都港区新橋３丁目１５−８ 精工ビル B1F（魚焼男　弐）,94.6,株式会社オン・ザ・プラネット,,〒105-0004 東京都港区新橋３丁目１５−８ 精工ビル B1F（魚焼男　弐）,,
36,TENPO#0020,モンキーツリー 店舗未設定,モンキーツリー,89.4,モンキーツリー　定期清掃/ラグ交換,,モンキーツリー馬喰町,,
37,TENPO#0053,新橋店,全てのゴミを魚豪商コダマ新橋店へ,91.2,ゴミ回収依頼　to ユウジ,,,,
39,TENPO#0080,Mahaloh Import Shop,Mahaloh Import Shop,100.0,【スポット清掃】Mahaloh Import Shop,,"Mahaloh Import Shop, 日本、〒230-0041 神奈川県横浜市鶴見区潮田町３丁目１４２−５",,
42,TENPO#0083,本店,麺屋武一　本店,89.2,【営業訪問】麺屋武一　本店,,"濃厚鶏そば 麺屋武一, 日本、〒105-0004 東京都港区新橋３丁目６−１３",,
43,TENPO#0042,麹町店,デイジー麹町店,89.4,デイジー麹町店　定期清掃,,"デイジイ 麹町店, 日本、〒102-0083 東京都千代田区麹町４丁目３−２２ 紅谷ビル",,
45,TENPO#77f42e59665b,N,けいちゃんと和泉兄弟SONGSGIFT,91.8,けいちゃんと和泉兄弟SONGSGIFT,,,,
46,TENPO#0057,弐,魚焼男 弐,88.8,株式会社オン・ザ・プラネット　トイレつまり除去,,"魚焼男 弐, 日本、〒105-0004 東京都港区新橋３丁目１５−８ 精工ビル B1F",,
49,TENPO#0089,北千住店,北海道らーめん みそ熊 北千住店,90.8,【スポット清掃】北海道ラーメンみそ熊　北千住 (2日/3日分),,"北海道らーめん みそ熊 北千住店, 日本、〒120-0034 東京都足立区千住３丁目３１",,
52,TENPO#0116,西麻布店,ニクアザブ西麻布店　再ワックス,90.8,ニクアザブ西麻布店　再ワックス,,ニクアザブ西麻布店,,
53,TENPO#0115,神楽坂店,Darts Bar A's 神楽坂店,90.8,ダーツバー A's　清掃　神楽坂,,"Darts Bar A's 神楽坂店, 日本、〒162-0825 東京都新宿区神楽坂１丁目１０ 會田ビル 4F",,
56,TENPO#0026,高円寺店,ダーツバー A's　高円寺店,90.2,ダーツバー A's　清掃　高円寺,,ダーツバー A's　高円寺店,,
58,TENPO#0095,カイロライン 国分寺整体院,カイロライン国分寺整体院,100.0,エアコン分解洗浄　カイロライン国分寺整体院,,"カイロライン国分寺整体院, 日本、〒185-0012 東京都国分寺市本町２丁目９−８ 2F",,
64,TENPO#0053,新橋店,ピッツェリア ドォーロ 新橋店,90.6,株式会社メティウスフーズ,,"ピッツェリア ドォーロ 新橋店, 日本、〒105-0004 東京都港区新橋５丁目１８−１ 新橋パークサイドビル 1F",,
65,TENPO#0025,大塚店,ダーツバー A'S 大塚店　再,90.2,ダーツバー A'S 大塚店　再清掃,,,,
67,TENPO#0019,火鍋 小肥羊 銀座店,火鍋 小肥羊 銀座店 しゃおふぇいやん,91.2,銀座小肥羊　ネズミ駆除,,"火鍋 小肥羊 銀座店 しゃおふぇいやん, 日本、〒104-0061 東京都中央区銀座２丁目６−９ ＧＩＮＺＡ２６９ 5F",,
68,TENPO#0053,新橋店,株式会社メティウスフーズ　ピッツェリア ドォーロ 新橋店,92.2,株式会社メティウスフーズ　ピッツェリア ドォーロ 新橋店,,"ピッツェリア ドォーロ 新橋店, 日本、〒105-0004 東京都港区新橋５丁目１８−１ 新橋パークサイドビル 1F",,
71,TENPO#0089,北千住店,hair resort Ai 北千住店 【ヘアリゾートエーアイ】,93.2,HotPepper Beautyのサロン予約,,"hair resort Ai 北千住店 【ヘアリゾートエーアイ】, 東京都足立区千住旭町11-7北千住第2平野ビル, JP",,
76,TENPO#0025,大塚店,ダーツバー A's　　大塚店,90.0,ダーツバー A's　清掃　大塚店,,ダーツバー A's　大塚店,,
84,TENPO#0037,ラゾーナ川崎,ラゾーナ川崎（韓美膳の店舗は4階屋外）　の地下一階の駐車場,93.2,【スポット】ラゾーナ川崎　害虫駆除/ゴミ回収,,"韓美膳(ハンビジェ) 川崎ラゾーナプラザ店, 日本、〒212-8576 神奈川県川崎市幸区堀川町７２−１ ラゾーナ川崎プラザ 4F",,
87,TENPO#0101,新橋総本店,ホルモン屋だん 新橋総本店,90.4,ホルモン屋だん新橋店、　ルームエアコン清掃4台,,"ホルモン屋だん 新橋総本店, 日本、〒105-0004 東京都港区新橋４丁目１４−３",,
91,TENPO#0083,本店,プラネット　魚焼男新橋本店,90.4,株式会社オン・ザ・プラネット　魚焼男新橋本店,,"魚焼男 新橋本店, 日本、〒105-0004 東京都港区新橋３丁目５−１３ 大興ビル B１F",,
92,TENPO#0083,本店,富士屋本店　日本橋日程,90.0,富士屋本店　日本橋日程,,"富士屋本店 日本橋浜町, 日本、〒103-0007 東京都中央区日本橋浜町２丁目２４−２",,
96,TENPO#0020,モンキーツリー 店舗未設定,モンキーツリー,89.4,モンキーツリー　清掃,,モンキーツリー馬喰町,,
99,TENPO#0025,大塚店,Darts Bar A's 大塚店,90.6,ダーツバー A's　清掃　大塚店,,"Darts Bar A's 大塚店, 日本、〒170-0004 東京都豊島区北大塚２丁目６−１０ ST1ビル 地下１階",,
100,TENPO#0067,平和台店,麺処いのこ平和台店,89.8,いのこ平和台　現地調査,,"麺処いのこ平和台店, 日本、〒179-0083 東京都練馬区平和台２丁目５２−８",,
101,TENPO#0040,五反田店,食べ放題 インドカレー maya（マヤ）五反田店,92.0,【店舗】ネパール・インド・チベット料理maya,,"食べ放題 インドカレー maya（マヤ）五反田店, 日本、〒141-0022 東京都品川区東五反田５丁目２８−１２ ワタナベボクシングビル Ｂ１Ｆ",,
104,TENPO#0083,本店,たまき新宿2代目本店の現調ダイキン,91.4,たまき新宿2代目本店の現調ダイキン,,,,
110,TENPO#0083,本店,株式会社スターツ　串タロー本店,90.0,【現場調査】株式会社スターツ　串タロー本店,,"〒160-0022
東京都新宿区新宿3-35-10 朝賀ビル2F",,
118,TENPO#0084,大井町店,ニーハオ食品株式会社　大井町店　現地調査,90.8,ニーハオ食品株式会社　大井町店　現地調査,,ニーハオ大井町店,,
119,TENPO#0031,鮨 輝らく,輝らく,88.6,飯田橋　輝らく　堀題地社長,,"輝らく, 日本、〒162-0825 東京都新宿区神楽坂３丁目１ クレール神楽坂３",,
125,TENPO#77f42e59665b,N,Japanese Bar Inoshikacho 猪鹿蝶,93.0,長田光司　現地調査,,"Japanese Bar Inoshikacho 猪鹿蝶, 日本、〒160-0021 東京都新宿区歌舞伎町１丁目１−１０ 2F",,
130,TENPO#0026,高円寺店,ダーツバー A's　高円寺店,90.2,ダーツバー A's　清掃　高円寺　梅岡定期清掃,,ダーツバー A's　高円寺店,,
131,TENPO#0025,大塚店,ダーツバー A's　　大塚店,90.0,ダーツバー A's　清掃　大塚店,,ダーツバー A's　大塚店,,
132,TENPO#0083,本店,富士屋本店　日本橋　追加発注棚制作,91.0,富士屋本店　日本橋　追加発注棚制作,,"富士屋本店 日本橋浜町, 日本、〒103-0007 東京都中央区日本橋浜町２丁目２４−２",,
133,TENPO#0083,本店,富士屋本店　日本橋浜町のマンションの502から,92.4,富士屋本店　冷蔵庫 代々木移動　不用品回収,,富士屋本店　日本橋,,
145,TENPO#0101,新橋総本店,ホルモン屋だん 新橋総本店,90.4,ホルモン屋だん新橋店、　ロースター清掃4台,,"ホルモン屋だん 新橋総本店, 日本、〒105-0004 東京都港区新橋４丁目１４−３",,
148,TENPO#77f42e59665b,N,https://us06web.zoom.us/j/88075947591?pwd=pQEXwRjtMabb6hW7DKq7QqNdlMpXsn.1,98.0,縁結び,,https://us06web.zoom.us/j/88075947591?pwd=pQEXwRjtMabb6hW7DKq7QqNdlMpXsn.1,,
151,TENPO#0019,火鍋 小肥羊 銀座店,火鍋 小肥羊 銀座店 しゃおふぇいやん,91.2,銀座小肥羊　ボード施工,,"火鍋 小肥羊 銀座店 しゃおふぇいやん, 日本、〒104-0061 東京都中央区銀座２丁目６−９ ＧＩＮＺＡ２６９ 5F",,
152,TENPO#0082,別館,蒲田ニーハオ別館のキーボックスに５店舗分の鍵が入ってます。,93.6,ニーハオ大森店,,"ニイハオ 大森店, 日本、〒143-0016 東京都大田区大森北１丁目２−１",,
158,TENPO#0071,大勝軒まるいち 新宿東南口店,大勝軒まるいち新宿東南口店,100.0,大勝軒 まるいち 新宿東南口店　現地調査,,"大勝軒まるいち新宿東南口店, 日本、〒160-0022 東京都新宿区新宿３丁目３４−３",,
160,TENPO#0083,本店,本店、新店舗、セントラルキッチン(1，2F)、従業員控室、池袋店,93.2,【商談】鬼金棒　本店,,"カラシビ味噌らー麺 鬼金棒 神田本店, 日本、〒101-0044 東京都千代田区鍛冶町２丁目１０−９",,
162,TENPO#77f42e59665b,N,株式会社goonies,89.4,株式会社goonies,,東京都北区赤羽1-18-3 ( bar yellow),,
168,TENPO#0068,神田南口店,馬力 神田南口店,89.4,東京支店　asada 高圧洗浄デモ,,"馬力 神田南口店, 日本、〒103-0022 東京都中央区日本橋室町４丁目２−１",,
169,TENPO#0015,池袋店,SMILE BASE CAFE 池袋店,91.2,池袋　smilbase 査察,,"SMILE BASE CAFE 池袋店, 日本、〒171-0021 東京都豊島区西池袋３丁目２５−１１ CIC IKEBUKURO BUILビルB1階",,
172,TENPO#0025,大塚店,ダーツバー A's　　大塚店,90.0,ダーツバー A's　清掃　大塚店,,ダーツバー A's　大塚店,,
174,TENPO#0027,水道橋店,ダーツバーA`s 水道橋店,90.4,ダーツバー A's　清掃　水道橋,,ダーツバーA`s 水道橋店,,
178,TENPO#0092,上野駅前店,カラオケ上野駅前店　修繕なーろん,91.0,カラオケ上野駅前店　修繕なーろん,,,,
179,TENPO#77f42e59665b,N,鶏ポタラーメンTHANK 大門,90.8,【営業訪問】ラーメンTHANK 大門店,,"鶏ポタラーメンTHANK 大門, 日本、〒105-0012 東京都港区芝大門２丁目１−１３ 芝大友ビル 1F",,
180,TENPO#77f42e59665b,N,株式会社CANVAS,89.2,株式会社CANVAS,,"板前バル 品川シーズンテラス店, 日本、〒108-0075 東京都港区港南１丁目２−７０",,
184,TENPO#0053,新橋店,メディウスフ−ズ新橋店,90.2,【営業】メディウスフ−ズ新橋店,,,,
185,TENPO#0010,神田店,デニーロ神田店,89.4,デニーロ 今村　定期清掃,,"デニーロ神田店, 日本、〒101-0054 東京都千代田区神田錦町３丁目１４−３ 神田錦町ビル 1階",,
186,TENPO#0018,西新宿店,デイジイ西新宿店 (DAISY),90.6,デイジイ西新宿　査察　三吉さん紹介,,"デイジイ西新宿店 (DAISY), 日本、〒160-0023 東京都新宿区西新宿６丁目１１−３ Dタワー西新宿 １階",,
187,TENPO#0010,神田店,ニーハオ 神田店,89.4,ニーハオ 神田店,,"ニイハオ 神田店, 日本、〒101-0044 東京都千代田区鍛冶町１丁目６−２ 林ビル B1F",,
190,TENPO#0111,すし土風炉 登戸店,すし土風炉 登戸店,100.0,ラムラ 床清掃補修　現地調査,,"すし土風炉 登戸店, 日本、〒214-0014 神奈川県川崎市多摩区登戸３４６７−１ 橘ビル 3F",,
195,TENPO#0031,鮨 輝らく,輝らく,88.6,飯田橋　輝らく　堀題地社長,,"輝らく, 日本、〒162-0825 東京都新宿区神楽坂３丁目１ クレール神楽坂３",,
196,TENPO#0092,上野駅前店,カラオケパセラ上野駅前店,90.4,ワックス剥離　ソファ補修,,カラオケパセラ上野駅前店,,
199,TENPO#0082,別館,ニーハオ蒲田　別館（大規模店舗）,90.6,ニーハオ蒲田　別館（大規模店舗）,,ニーハオ蒲田本店,,
202,TENPO#0083,本店,中国家庭料理 你好 本店,90.0,ニーハオ蒲田　本店,,"中国家庭料理 你好 本店, 日本、〒144-0052 東京都大田区蒲田４丁目２４−１４",,
203,TENPO#0088,王子店,株式会社GRAST 北海道らーめん みそ熊　王子店 　（1日,92.0,【スポット清掃】株式会社GRAST 北海道らーめん みそ熊　王子店 　（1日/2日分）,,"北海道らーめん みそ熊 本店, 日本、〒114-0002 東京都北区王子１丁目２−２",,
204,TENPO#0106,オイスター&珍味 bar 不夜城,オイスター&珍味 BAR 不夜城,100.0,スモールズ ゴールデン街 ドレンホース延長工事,,"オイスター&珍味 BAR 不夜城, 日本、〒160-0021 東京都新宿区歌舞伎町１丁目３−１０ 思い出の抜け道ビル 2.3F",,
205,TENPO#0032,麺と肴　担々麺 ペン坊,麺と肴　担々麺 ペン坊 　青柳社長,90.6,【隔月清掃】麺と肴　担々麺 ペン坊 　青柳社長,,"麺と肴 担々麺 ぺん坊 ラーメン 本所吾妻橋, 日本、〒130-0001 東京都墨田区吾妻橋３丁目６−１５ サンサーラ吾妻橋 105",,
207,TENPO#0083,本店,ニーハオ蒲田本店　ネズミ駆除,90.6,ニーハオ蒲田本店　ネズミ駆除,,,,
208,TENPO#0071,大勝軒まるいち 新宿東南口店,大勝軒まるいち　新宿東南口店,100.0,大勝軒まるいち 新宿東南口店　やり残し対応,,大勝軒まるいち　新宿東南口店,,
211,TENPO#0015,池袋店,鬼金棒　池袋店　平さん対応,90.2,【現場調査】鬼金棒　池袋店　平さん対応,,"みかもビル, 日本、〒101-0044 東京都千代田区鍛冶町２丁目１０−９ みかもビル",,
213,TENPO#0027,水道橋店,ダーツバーA`s 水道橋店,90.4,ダーツバー A's　清掃　水道橋　梅岡定期清掃,,ダーツバーA`s 水道橋店,,
215,TENPO#0020,モンキーツリー 店舗未設定,モンキーツリー,89.4,モンキーツリー　定期清掃,,モンキーツリー馬喰町,,
216,TENPO#0130,渋谷円山町店,株式会社がっと ワイン食堂がっと 渋谷円山町店,91.4,株式会社がっと ワイン食堂がっと 渋谷円山町店,,"ワイン食堂がっと, 日本、〒150-0044 東京都渋谷区円山町１７−２",,
218,TENPO#0031,鮨 輝らく,輝らく,88.6,飯田橋　輝らく　7月請求分,,"輝らく, 日本、〒162-0825 東京都新宿区神楽坂３丁目１ クレール神楽坂３",,
220,TENPO#0115,神楽坂店,Darts Bar A's 神楽坂店,90.8,ダーツバー A's　清掃　神楽坂,,"Darts Bar A's 神楽坂店, 日本、〒162-0825 東京都新宿区神楽坂１丁目１０ 會田ビル 4F",,
221,TENPO#0083,本店,焼き鳥とフルーツサワーのネオ大衆居酒屋！ ～博多おでん・焼き鳥とフルーツサワー～ ニクマレヤ 赤羽本店,97.4,S.pace株式会社 山本 現調,,焼き鳥とフルーツサワーのネオ大衆居酒屋！ ～博多おでん・焼き鳥とフルーツサワー～ ニクマレヤ 赤羽本店,,
223,TENPO#0049,新河岸駅前店,居酒屋ビッグ 新河岸駅前店,90.4,【スポット】居酒屋ビック 新河岸駅前　粗大ゴミ回収,,"居酒屋ビッグ 新河岸駅前店, 日本、〒350-1137 埼玉県川越市砂新田４９−４",,
224,TENPO#77f42e59665b,N,WeWork KABUTO ONE,91.0,【訪問営業】梅岡さん施策,,"WeWork KABUTO ONE, 9F 7, ７ 日本橋兜町 中央区 東京都 103-0026 日本",,
233,TENPO#0083,本店,株式会社ダイニングエッジ　楽が気　新橋本店,91.0,株式会社ダイニングエッジ　楽が気　新橋本店,,"楽が気, 日本、〒105-0004 東京都港区新橋３丁目２１−４ 新橋第2ペリカンビル 1F",,
237,TENPO#77f42e59665b,N,LAS DOS CARAS MODERN MEXICANO Y TACOS,94.2,株式会社HUGE　副島さん,,LAS DOS CARAS MODERN MEXICANO Y TACOS,,
238,TENPO#0083,本店,中国家庭料理 你好 本店,90.0,ニーハオ蒲田　本店,,"中国家庭料理 你好 本店, 日本、〒144-0052 東京都大田区蒲田４丁目２４−１４",,
241,TENPO#0101,新橋総本店,ホルモン屋だん 新橋総本店,90.4,ホルモン屋だん新橋店、　ルームエアコン清掃4台,,"ホルモン屋だん 新橋総本店, 日本、〒105-0004 東京都港区新橋４丁目１４−３",,
242,TENPO#0085,大森店,ニーハオ食品株式会社 ニーハオ大森店　現地調査,91.4,ニーハオ食品株式会社 ニーハオ大森店　現地調査,,"ニイハオ 大森店, 日本、〒143-0016 東京都大田区大森北１丁目２−１",,
243,TENPO#0092,上野駅前店,カラオケ上野駅前店　修繕なーろん,91.0,カラオケ上野駅前店　修繕なーろん,,,,
245,TENPO#0089,北千住店,北海道らーめん みそ熊 北千住店,90.8,【スポット清掃】北海道ラーメンみそ熊　北千住,,"北海道らーめん みそ熊 北千住店, 日本、〒120-0034 東京都足立区千住３丁目３１",,
246,TENPO#0116,西麻布店,ニクアザブ　西麻布店　床,90.0,ニクアザブ　西麻布店　床/ワックス清掃　 (油っぽい),,"ニクアザブ 本店 西麻布, 日本、〒106-0031 東京都港区西麻布４丁目１１−３ 横山ビル １F",,
248,TENPO#0026,高円寺店,ダーツバー A's　高円寺店,90.2,ダーツバー A's　清掃　高円寺　梅岡定期清掃,,ダーツバー A's　高円寺店,,
250,TENPO#0061,大衆寿司酒場 こがね商店,大衆寿司酒場 こがね商店,100.0,【現調】寿司こがね商店　草加,,"大衆寿司酒場 こがね商店, 日本、〒340-0034 埼玉県草加市氷川町２１２４−１４",,
251,TENPO#0083,本店,株式会社ダイニングエッジ　楽が気　新橋本店,91.0,株式会社ダイニングエッジ　楽が気　新橋本店,,"楽が気, 日本、〒105-0004 東京都港区新橋３丁目２１−４ 新橋第2ペリカンビル 1F",,
253,TENPO#0088,王子店,北海道らーめん　みそ熊　王子店,90.6,【現調】北海道らーめん　みそ熊　王子店,,"北海道らーめん みそ熊 本店, 日本、〒114-0002 東京都北区王子１丁目２−２",,https://maps.app.goo.gl/2DChMmP5wJutJmp3A?g_st=ipc
255,TENPO#0083,本店,銀座竹の庵 5丁目本店,90.0,アサヒナフードイノベーション株式会社,,"銀座竹の庵 5丁目本店, 日本、〒104-0061 東京都中央区銀座５丁目６−１３ 西五番街ビル",,
257,TENPO#0026,高円寺店,Darts Bar a's 高円寺店,90.8,【定期清掃】Darts Bar a's 高円寺店,,〒166-0003 東京都杉並区高円寺南３丁目５８−２２ ARISTO 高円寺 3階,,
259,TENPO#0088,王子店,株式会社GRAST 北海道らーめん みそ熊　王子店 　（1日,92.0,【スポット清掃】株式会社GRAST 北海道らーめん みそ熊　王子店 　（1日/2日分）,,"北海道らーめん みそ熊 本店, 日本、〒114-0002 東京都北区王子１丁目２−２",,
260,TENPO#0133,赤坂店,東京寿司 ITAMAE SUSHI 赤坂店,91.6,寿司板前ジャパン 赤坂店　査察　月木さん,,"東京寿司 ITAMAE SUSHI 赤坂店, 日本、〒107-0052 東京都港区赤坂３丁目１０−１ 対翠館ビル 1F",,
261,TENPO#0032,麺と肴　担々麺 ペン坊,麺と肴　担々麺 ペン坊 　青柳社長　  ネズミ駆除,91.6,麺と肴　担々麺 ペン坊 　青柳社長　 定期清掃 ネズミ駆除,,,,
265,TENPO#0025,大塚店,ダーツバー A's　　大塚店,90.0,ダーツバー A's　清掃　大塚店,,ダーツバー A's　大塚店,,
267,TENPO#0115,神楽坂店,Darts Bar A's 神楽坂店,90.8,ダーツバー A's　清掃　神楽坂,,"Darts Bar A's 神楽坂店, 日本、〒162-0825 東京都新宿区神楽坂１丁目１０ 會田ビル 4F",,
270,TENPO#0014,渋谷店,ニーハオ渋谷店　壁ペンキ塗装,90.6,ニーハオ渋谷店　壁ペンキ塗装,,"ニイハオ 渋谷店, 日本、〒150-0002 東京都渋谷区渋谷２丁目１９−１７",,
271,TENPO#77f42e59665b,N,株式会社Lupinus金子：動画特化型中途採用プラットフォーム「President」のご案内,96.0,株式会社Lupinus金子：動画特化型中途採用プラットフォーム「President」のご案内,,,,
275,TENPO#0083,本店,カラシビ味噌らー麺 鬼金棒 神田本店,91.2,【現場調査】鬼金棒　神田本店、セントラルキッチン,,"カラシビ味噌らー麺 鬼金棒 神田本店, 日本、〒101-0044 東京都千代田区鍛冶町２丁目１０−９",,
277,TENPO#0074,たまき新宿2代目店,たまき新宿2代目本店,94.7,たまき新宿2代目本店,,東京都新宿区歌舞伎町1-15-8丸尾ビル3F,,
278,TENPO#0057,弐,魚焼男 弐,88.8,株式会社オン・ザ・プラネット　トイレつまり除去,,"魚焼男 弐, 日本、〒105-0004 東京都港区新橋３丁目１５−８ 精工ビル B1F",,
281,TENPO#0115,神楽坂店,Darts Bar a's 神楽坂店,90.8,【定期清掃】Darts Bar a's 神楽坂店,,"會田ビル, 日本、〒162-0825 東京都新宿区神楽坂１丁目１０ 會田ビル",,
282,TENPO#0010,神田店,ニーハオ神田店 現地調査,90.2,ニーハオ神田店 現地調査,,,,
283,TENPO#0113,工場,肉屋食堂たけうち 製造工場直売所,91.0,【現調】肉屋食堂たけうち 製造工場直売所,,"肉屋食堂たけうち 製造工場直売所, 日本、〒121-0064 東京都足立区保木間１丁目５−１９",,
286,TENPO#0089,北千住店,北海道らーめん みそ熊 北千住店,90.8,【スポット清掃】北海道ラーメンみそ熊　北千住,,"北海道らーめん みそ熊 北千住店, 日本、〒120-0034 東京都足立区千住３丁目３１",,
289,TENPO#0106,オイスター&珍味 bar 不夜城,オイスター&珍味 BAR 不夜城,100.0,スモールズ オイスター&珍味 bar 不夜城 or ゴールデン街 隔月清掃,,"オイスター&珍味 BAR 不夜城, 日本、〒160-0021 東京都新宿区歌舞伎町１丁目３−１０ 思い出の抜け道ビル 2.3F",,
290,TENPO#0066,赤塚店,いのこ板橋区赤塚店,89.8,いのこ板橋区赤塚店,,"麺処いのこ 赤塚店, 日本、〒175-0093 東京都板橋区赤塚新町３丁目８−２５",,
292,TENPO#0107,とんかつさくら,とんかつ さくら,100.0,とんかつさくら　小泉さん　ダクト見積,,"とんかつ さくら, 日本、〒104-0033 東京都中央区新川１丁目１６−７−１０２",,
293,TENPO#0057,弐,プラネット　魚焼男 弐,89.8,株式会社オン・ザ・プラネット　魚焼男 弐,,"魚焼男 弐, 日本、〒105-0004 東京都港区新橋３丁目１５−８ 精工ビル B1F",,
298,TENPO#0026,高円寺店,ダーツバー A's　高円寺店,90.2,ダーツバー A's　清掃　高円寺,,ダーツバー A's　高円寺店,,
300,TENPO#0083,本店,東京餃子楼 三軒茶屋本店,90.2,東京ガス遮断機　掘削＆修復,,"東京餃子楼 三軒茶屋本店, 日本、〒154-0004 東京都世田谷区太子堂４丁目４−２ ラウスパレス三軒茶屋",,
302,TENPO#0010,神田店,デニーロ神田店,89.4,デニーロ 今村　定期清掃,,"デニーロ神田店, 日本、〒101-0054 東京都千代田区神田錦町３丁目１４−３ 神田錦町ビル 1階",,
306,TENPO#0053,新橋店,ピッツェリア ドォーロ 新橋店,90.6,ダイキンSE メティウスエアコン,,"ピッツェリア ドォーロ 新橋店, 日本、〒105-0004 東京都港区新橋５丁目１８−１ 新橋パークサイドビル 1F",,
307,TENPO#0031,鮨 輝らく,輝らく,88.6,飯田橋　輝らく　定期清掃,,"輝らく, 日本、〒162-0825 東京都新宿区神楽坂３丁目１ クレール神楽坂３",,
308,TENPO#0020,モンキーツリー 店舗未設定,モンキーツリー,89.4,モンキーツリー　定期清掃/ラグ交換,,モンキーツリー馬喰町,,
309,TENPO#0042,麹町店,デイジー麹町店,89.4,デイジー麹町店,,"デイジイ 麹町店, 日本、〒102-0083 東京都千代田区麹町４丁目３−２２ 紅谷ビル",,
310,TENPO#0089,北千住店,北海道らーめん みそ熊 北千住店,90.8,【スポット清掃】北海道ラーメンみそ熊　北千住,,"北海道らーめん みそ熊 北千住店, 日本、〒120-0034 東京都足立区千住３丁目３１",,
312,TENPO#0032,麺と肴　担々麺 ペン坊,麺と肴　担々麺 ペン坊 　青柳社長　  ネズミ駆除,91.6,麺と肴　担々麺 ペン坊 　青柳社長　 定期清掃 ネズミ駆除,,"麺と肴 担々麺 ぺん坊, 日本、〒130-0001 東京都墨田区吾妻橋３丁目６−１５ サンサーラ吾妻橋 105",,
313,TENPO#0082,別館,炉端居酒屋 中野製作所 まんてん別館,91.2,炉端居酒屋 中野製作所 まんてん別館,,"まんてん別館, 日本、〒164-0001 東京都中野区中野５丁目４８−５ ｢相互アパート/1F｣",,
314,TENPO#0085,大森店,ニーハオ大森店,89.4,ニーハオ大森店,,"ニイハオ 大森店, 日本、〒143-0016 東京都大田区大森北１丁目２−１",,
316,TENPO#0115,神楽坂店,Darts Bar A's 神楽坂店,90.8,ダーツバー A's　清掃　神楽坂,,"Darts Bar A's 神楽坂店, 日本、〒162-0825 東京都新宿区神楽坂１丁目１０ 會田ビル 4F",,
317,TENPO#77f42e59665b,N,T・ジョイ PRINCE 品川,90.4,国宝(PG12),,"T・ジョイ PRINCE 品川, 〒108-8611, 東京都港区高輪4-10-30, 品川プリンスホテルアネックスタワー3F",,
319,TENPO#0014,渋谷店,東京都渋谷区道玄坂1-5-9 ザ・レンガビル 2F (プアン渋谷店）,93.2,スパイスキッチン株式会社,,東京都渋谷区道玄坂1-5-9 ザ・レンガビル 2F (プアン渋谷店）,,
324,TENPO#0010,神田店,ニーハオ 神田店,89.4,ニーハオ 神田店,,"ニイハオ 神田店, 日本、〒101-0044 東京都千代田区鍛冶町１丁目６−２ 林ビル B1F",,
326,TENPO#0025,大塚店,ダーツバー A's　　大塚店,90.0,ダーツバー A's　清掃　大塚店,,ダーツバー A's　大塚店,,
328,TENPO#0029,日本橋茅場町店,米と魚 さかなさま 日本橋茅場町店,91.0,米と魚　さかなさま　ゴミ回収,,"米と魚 さかなさま 日本橋茅場町店, 日本、〒103-0026 東京都中央区日本橋兜町１５−６ 製粉会館ビル 地下1階",,
341,TENPO#0031,鮨 輝らく,輝らく,88.6,飯田橋　輝らく　堀題地社長,,"輝らく, 日本、〒162-0825 東京都新宿区神楽坂３丁目１ クレール神楽坂３",,
342,TENPO#0120,発酵デリカテッセンカフェテリアKouji&ko,発酵デリカテッセンカフェテリア Kouji&ko 新宿高島屋8階,93.8,発酵デリカッセン新宿高島屋　清掃,,"発酵デリカテッセンカフェテリア Kouji&ko 新宿高島屋8階, 日本、〒151-8580 東京都渋谷区千駄ケ谷５丁目２４−２ 新宿髙島屋 8階",,
343,TENPO#77f42e59665b,N,Mineo 解約,89.4,Mineo 解約,,,,
344,TENPO#0064,竹祥,貝出汁中華そば 竹祥,89.8,発注前提テイクユー現地調査　担当：中村さん　@正田案件,,貝出汁中華そば 竹祥,,
345,TENPO#0042,麹町店,デイジー麹町店,89.4,【定期清掃】デイジー麹町店,,"デイジイ 麹町店, 日本、〒102-0083 東京都千代田区麹町４丁目３−２２ 紅谷ビル",,
349,TENPO#77f42e59665b,N,株式会社でですけ Dedesuke Saigon Kitchen中谷様,93.6,株式会社でですけ Dedesuke Saigon Kitchen中谷様,,"でですけ サイゴンキッチン, 日本、〒103-0022 東京都中央区日本橋室町１丁目１１−４",,
350,TENPO#0085,大森店,ニーハオ大森店,89.4,ニーハオ大森店,,"ニイハオ 大森店, 日本、〒143-0016 東京都大田区大森北１丁目２−１",,
351,TENPO#0102,新橋バーラウンジ御殿,新橋バーラウンジ御殿(オデン),90.6,新橋バーラウンジ御殿　初回清掃,,"新橋バーラウンジ御殿(オデン), 日本、〒105-0004 東京都港区新橋３丁目２１−１０ オルバスビル 3F",,
352,TENPO#0054,トオダ,プラネット　魚無双トオダ,90.2,株式会社オン・ザ・プラネット　魚無双トオダ,,,,
353,TENPO#0023,中野店,炭火焼肉ホルモン まんてん　中野店,91.0,炭火焼肉ホルモン まんてん　中野店,,"炭火焼ホルモンまんてん 中野, 日本、〒164-0001 東京都中野区中野５丁目５４−６",,
355,TENPO#0083,本店,富士屋本店 日本橋浜町,90.0,日本橋のゴミ回収→上野にゴミ捨てる,,"富士屋本店 日本橋浜町, 日本、〒103-0007 東京都中央区日本橋浜町２丁目２４−２",,
357,TENPO#0037,ラゾーナ川崎,ラゾーナ川崎 沖縄料理15時ミーティング,91.8,ラゾーナ川崎 沖縄料理15時ミーティング,,,,
358,TENPO#0089,北千住店,北海道らーめん みそ熊 北千住店,90.8,【スポット清掃】北海道ラーメンみそ熊　北千住,,"北海道らーめん みそ熊 北千住店, 日本、〒120-0034 東京都足立区千住３丁目３１",,
360,TENPO#0027,水道橋店,Darts Bar a's 水道橋店,90.8,Darts Bar a's 水道橋店,,"新水道橋ビル, 日本、〒101-0061 東京都千代田区神田三崎町２丁目２２−１８ 新水道橋ビル",,
361,TENPO#0026,高円寺店,ダーツバー A's　高円寺店,90.2,ダーツバー A's　清掃　高円寺,,ダーツバー A's　高円寺店,,
366,TENPO#0010,神田店,デニーロ神田店,89.4,デニーロ 今村　清掃,,"デニーロ神田店, 日本、〒101-0054 東京都千代田区神田錦町３丁目１４−３ 神田錦町ビル 1階",,
368,TENPO#0102,新橋バーラウンジ御殿,新橋バーラウンジ御殿(オデン),90.6,新橋バーラウンジ御殿　初回清掃,,"新橋バーラウンジ御殿(オデン), 日本、〒105-0004 東京都港区新橋３丁目２１−１０ オルバスビル 3F",,
371,TENPO#0020,モンキーツリー 店舗未設定,モンキーツリー,89.4,モンキーツリー　定期清掃/ラグ交換,,モンキーツリー馬喰町,,
378,TENPO#0102,新橋バーラウンジ御殿,新橋バーラウンジ御殿(オデン),90.6,新橋バーラウンジ御殿　初回清掃,,"新橋バーラウンジ御殿(オデン), 日本、〒105-0004 東京都港区新橋３丁目２１−１０ オルバスビル 3F",,
380,TENPO#0010,神田店,デニーロ神田店,89.4,デニーロ 今村　定期清掃,,"デニーロ神田店, 日本、〒101-0054 東京都千代田区神田錦町３丁目１４−３ 神田錦町ビル 1階",,
384,TENPO#0071,大勝軒まるいち 新宿東南口店,大勝軒まるいち新宿東南口店,100.0,大勝軒まるいち新宿西口　ファンベルト交換　松永さん立ち会い,,"大勝軒まるいち新宿東南口店, 日本、〒160-0022 東京都新宿区新宿３丁目３４−３",,
385,TENPO#0042,麹町店,デイジー麹町店,89.4,デイジー麹町店,,"デイジイ 麹町店, 日本、〒102-0083 東京都千代田区麹町４丁目３−２２ 紅谷ビル",,
386,TENPO#77f42e59665b,N,https://maps.app.goo.gl/12niV2ecDr8UkVG47,94.8,吉成さん　パーソナルジム清掃,,東京都中央区銀座１丁目１５−１４ 北村企業ビル 4f,,https://maps.app.goo.gl/12niV2ecDr8UkVG47
387,TENPO#0083,本店,アサヒナフードイノベーション株式会社　銀座竹の庵5丁目本店　初回,93.2,【定期清掃】アサヒナフードイノベーション株式会社　銀座竹の庵5丁目本店　初回清掃,,"銀座竹の庵 5丁目本店, 日本、〒104-0061 東京都中央区銀座５丁目６−１３ 西五番街ビル",,
388,TENPO#0083,本店,炭火焼肉ホルモン 中目黒本店　査察,91.0,炭火焼肉ホルモン 中目黒本店　査察,,,,
392,TENPO#77f42e59665b,N,cafe & dining MONKEY TREE,92.0,モンキーツリーラグ交換,,"cafe & dining MONKEY TREE, 日本、〒103-0027 東京都中央区日本橋馬喰町１丁目５−４ 中庄ビル 1F",,
393,TENPO#0026,高円寺店,Darts Bar a's 高円寺店,90.8,【再清掃】Darts Bar a's 高円寺店,,〒166-0003 東京都杉並区高円寺南３丁目５８−２２ ARISTO 高円寺 3階,,
394,TENPO#0128,ビストロ エヴォルテ,ビストロ エヴォルテ,100.0,ビストロ エヴォルテ_清掃木之内さん,,"ビストロ エヴォルテ, 日本、〒144-0052 東京都大田区蒲田５丁目２９−１ エクセルピア蒲田３番館 三番館 １F",,
398,TENPO#0015,池袋店,東京都豊島区南池袋1-18-23 ルックハイツ池袋B1（やざわ池袋店）,94.0,【店舗】株式会社エレキング,,東京都豊島区南池袋1-18-23 ルックハイツ池袋B1（やざわ池袋店）,,
399,TENPO#77f42e59665b,N,wonderful併せラ！,90.6,wonderful併せラ！,,,,
400,TENPO#0088,王子店,株式会社GRAST 北海道らーめん みそ熊　王子店 　（2日,92.0,【スポット清掃】株式会社GRAST 北海道らーめん みそ熊　王子店 　（2日/2日分）,,"北海道らーめん みそ熊 本店, 日本、〒114-0002 東京都北区王子１丁目２−２",,
410,TENPO#0010,神田店,デニーロ神田店,89.4,デニーロ査察　エアコン室外機　ファンベルトチェック（注文まで）,,"デニーロ神田店, 日本、〒101-0054 東京都千代田区神田錦町３丁目１４−３ 神田錦町ビル 1階",,
414,TENPO#0025,大塚店,ダーツバー A's　　大塚店,90.0,ダーツバー A's　清掃　大塚店,,ダーツバー A's　大塚店,,
415,TENPO#77f42e59665b,N,cafe & dining MONKEY TREE,92.0,モンキーツリーラグ交換,,"cafe & dining MONKEY TREE, 日本、〒103-0027 東京都中央区日本橋馬喰町１丁目５−４ 中庄ビル 1F",,
416,TENPO#0032,麺と肴　担々麺 ペン坊,麺と肴　担々麺 ペン坊 　青柳社長　  ネズミ駆除,91.6,麺と肴　担々麺 ペン坊 　青柳社長　 定期清掃 ネズミ駆除,,,,
417,TENPO#0126,Aphrodite　アフロディーテ（ニューハーフバー）,Aphrodite アフロディーテ,91.2,合同会社SKTCAphrodite,,"Aphrodite アフロディーテ, 日本、〒106-0032 東京都港区六本木７丁目４−４ 8TKGビル 301",,
418,TENPO#0084,大井町店,ニーハオ大井町店,89.6,ニーハオ大井町店,,"你好 大井町, 日本、〒140-0011 東京都品川区東大井５丁目１７−４ 高山ビル B1",,
419,TENPO#0027,水道橋店,ダーツバーA`s 水道橋店,90.4,ダーツバー A's　清掃　水道橋,,ダーツバーA`s 水道橋店,,
422,TENPO#0011,東陽町店,中華食堂 一番館 東陽町店　金田社長不在さん視察,92.2,中華食堂 一番館 東陽町店　金田社長不在さん視察,,"中華食堂 一番館 東陽町店, 日本、〒135-0016 東京都江東区東陽４丁目１−１８ 第五津村ビル",,
423,TENPO#0012,新小岩店,中華食堂 一番館 新小岩店,90.2,中華食堂 一番館 新小岩　金田社長不在さん視察,,"中華食堂 一番館 新小岩店, 日本、〒124-0024 東京都葛飾区新小岩１丁目４２−８",,
425,TENPO#0053,新橋店,生ラムかんな新橋店,89.8,新橋生ラムかんな　ラットシート回収,,"生ラムかんな新橋店, 日本、〒105-0004 東京都港区新橋４丁目１４−８",,
432,TENPO#0083,本店,麺屋武一　本店,89.2,【現場調査】麺屋武一　本店,,"濃厚鶏そば 麺屋武一, 日本、〒105-0004 東京都港区新橋３丁目６−１３",,
434,TENPO#0053,新橋店,メティウスフーズ ピッツェリア ドォーロ 新橋店,92.2,【再清掃】メティウスフーズ ピッツェリア ドォーロ 新橋店,,ピッツェリア ドォーロ 新橋店,,
437,TENPO#0083,本店,富士屋本店　日本橋浜町のマンションの502から,92.4,富士屋本店　冷蔵庫 代々木移動　不用品回収,,富士屋本店　日本橋,,
438,TENPO#0053,新橋店,麺処直久 新橋店　現調,89.8,麺処直久 新橋店　現調,,"麺処直久 新橋店, 日本、〒105-0004 東京都港区新橋２丁目２０−地下街 1号 ウィング新橋名店街",,
443,TENPO#0080,Mahaloh Import Shop,Mahaloh Import Shop,100.0,Mahaloh Import Shop事務所エアコン清掃　梅岡案件清掃,,"Mahaloh Import Shop, 日本、〒230-0041 神奈川県横浜市鶴見区潮田町３丁目１４２−５",,
444,TENPO#0032,麺と肴　担々麺 ペン坊,麺と肴　担々麺 ペン坊 　青柳社長　  ネズミ駆除,91.6,麺と肴　担々麺 ペン坊 　青柳社長　 定期清掃 ネズミ駆除,,,,
445,TENPO#0083,本店,中国家庭料理 你好 本店,90.0,ニーハオ蒲田　本店,,"中国家庭料理 你好 本店, 日本、〒144-0052 東京都大田区蒲田４丁目２４−１４",,
447,TENPO#0083,本店,株式会社ダイニングエッジ　楽が気　新橋本店,91.0,株式会社ダイニングエッジ　楽が気　新橋本店,,"楽が気, 日本、〒105-0004 東京都港区新橋３丁目２１−４ 新橋第2ペリカンビル 1F",,
453,TENPO#0058,ニューイブシオ,プラネット　新燻男ニューイブシオ,91.0,株式会社オン・ザ・プラネット　新燻男ニューイブシオ,,新燻男ニューイブシオ,,
456,TENPO#0048,代々木店,株式会社ギガデイン　武蔵野アブラ學会 代々木店　木村代表　現地調査,93.0,株式会社ギガデイン　武蔵野アブラ學会 代々木店　木村代表　現地調査,,渋谷区代々木1-58-7　ヴィラハイツ1F,,
457,TENPO#0128,ビストロ エヴォルテ,ビストロ　エヴォルテ　コンセント修繕,91.2,ビストロ　エヴォルテ　コンセント修繕,,ビストロエヴォルテ　蒲田,,
458,TENPO#0115,神楽坂店,Darts Bar A's 神楽坂店,90.8,ダーツバー A's　清掃　神楽坂,,"Darts Bar A's 神楽坂店, 日本、〒162-0825 東京都新宿区神楽坂１丁目１０ 會田ビル 4F",,
465,TENPO#0073,立呑 富士屋本店,立呑 富士屋本店,100.0,立呑 富士屋本店　エアコン分解/プロペラファン交換,,"立呑 富士屋本店, 日本、〒150-0031 東京都渋谷区桜丘町１６−１０",,
468,TENPO#0029,日本橋茅場町店,米と魚 さかなさま 日本橋茅場町店,91.0,米と魚　さかなさま　ゴミ回収,,"米と魚 さかなさま 日本橋茅場町店, 日本、〒103-0026 東京都中央区日本橋兜町１５−６ 製粉会館ビル 地下1階",,
470,TENPO#0020,モンキーツリー 店舗未設定,モンキーツリー,89.4,モンキーツリー　定期清掃,,モンキーツリー馬喰町,,
473,TENPO#0068,神田南口店,馬力 神田南口店,89.4,馬力新橋　ファンベルト現地調整,,"馬力 神田南口店, 日本、〒103-0022 東京都中央区日本橋室町４丁目２−１",,
474,TENPO#77f42e59665b,N,cafe & dining MONKEY TREE,92.0,モンキーツリーラグ交換,,"cafe & dining MONKEY TREE, 日本、〒103-0027 東京都中央区日本橋馬喰町１丁目５−４ 中庄ビル 1F",,
475,TENPO#0092,上野駅前店,カラオケ上野駅前店　修繕なーろん,91.0,カラオケ上野駅前店　修繕なーろん,,,,
477,TENPO#0026,高円寺店,ダーツバー A's　高円寺店,90.2,ダーツバー A's　清掃　高円寺　梅岡定期清掃,,ダーツバー A's　高円寺店,,
479,TENPO#0025,大塚店,ダーツバー A's　　大塚店,90.0,ダーツバー A's　清掃　大塚店,,ダーツバー A's　大塚店,,
480,TENPO#0048,代々木店,まんてん　代々木店査察,90.0,まんてん　代々木店査察,,,,
481,TENPO#0083,本店,株式会社ダイニングエッジ　楽が気　新橋本店,91.0,株式会社ダイニングエッジ　楽が気　新橋本店,,"楽が気, 日本、〒105-0004 東京都港区新橋３丁目２１−４ 新橋第2ペリカンビル 1F",,
486,TENPO#77f42e59665b,N,東京都港区西新橋1-17-4 ルグラシエビル9 3F B.B Meat Land,94.4,ネズミ駆除査察　新橋　ミセツク案件,,東京都港区西新橋1-17-4 ルグラシエビル9 3F B.B Meat Land,,
488,TENPO#0083,本店,立呑み富士屋本店　パナソニック換気扇取り付け,92.2,立呑み富士屋本店　パナソニック換気扇取り付け,,,,
489,TENPO#77f42e59665b,N,Tan伍（サカス）,89.4,【商談訪問】Tan伍（サカス）,,,,
495,TENPO#0053,新橋店,ダイニングエッジ楽が気　新橋店　空調現地調査,92.0,ダイニングエッジ楽が気　新橋店　空調現地調査,,"ピッツェリア ドォーロ 新橋店, 日本、〒105-0004 東京都港区新橋５丁目１８−１ 新橋パークサイドビル 1F",,
496,TENPO#77f42e59665b,N,cafe & dining MONKEY TREE,92.0,マット納品　モンキーツリー,,"cafe & dining MONKEY TREE, 日本、〒103-0027 東京都中央区日本橋馬喰町１丁目５−４ 中庄ビル 1F",,
497,TENPO#0025,大塚店,Darts Bar a's 大塚店,90.6,【定期清掃】Darts Bar a's 大塚店,,〒170-0004 東京都豊島区北大塚２丁目６−１０ ST1ビル 地下１階,,
498,TENPO#0068,神田南口店,馬力 神田南口店,89.4,馬力神田　ファンベルト交換,,"馬力 神田南口店, 日本、〒103-0022 東京都中央区日本橋室町４丁目２−１",,
499,TENPO#77f42e59665b,N,carniceria 横浜 営業,90.8,carniceria 横浜 営業,,"カルニセリア横浜店, 日本、〒221-0835 神奈川県横浜市神奈川区鶴屋町２丁目１６−４ エフテムビル 1F",,
500,TENPO#0083,本店,ネズミ駆除 ニーハオ本店　再設置,90.8,ネズミ駆除 ニーハオ本店　再設置,,,,
502,TENPO#0128,ビストロ エヴォルテ,エヴォルテ,89.0,エヴォルテ　清掃,,,,
503,TENPO#0069,高円寺ガード下店,馬力 高円寺ガード下店,90.0,株式会社馬力 高円寺,,"馬力 高円寺ガード下店, 日本、〒166-0003 東京都杉並区高円寺南３丁目６９−１",,
504,TENPO#0102,新橋バーラウンジ御殿,新橋バーラウンジ御殿(オデン),90.6,新橋バーラウンジ御殿　初回清掃,,"新橋バーラウンジ御殿(オデン), 日本、〒105-0004 東京都港区新橋３丁目２１−１０ オルバスビル 3F",,
505,TENPO#0092,上野駅前店,カラオケ上野駅前店　修繕なーろん,91.0,カラオケ上野駅前店　修繕なーろん,,,,
508,TENPO#0020,モンキーツリー 店舗未設定,モンキーツリー,89.4,モンキーツリー　定期清掃/ラグ交換,,モンキーツリー馬喰町,,
510,TENPO#0082,別館,炉端居酒屋 中野製作所 まんてん別館　ゴキブリチェッカー,93.0,炉端居酒屋 中野製作所 まんてん別館　ゴキブリチェッカー,,"まんてん別館, 日本、〒164-0001 東京都中野区中野５丁目４８−５ ｢相互アパート/1F｣",,
512,TENPO#0083,本店,富士屋本店　日本橋　棚設置見積もり,91.0,富士屋本店　日本橋　棚設置見積もり,,,,
513,TENPO#0031,鮨 輝らく,輝らく,88.6,飯田橋　輝らく　定期清掃　梅岡,,"輝らく, 日本、〒162-0825 東京都新宿区神楽坂３丁目１ クレール神楽坂３",,
515,TENPO#0025,大塚店,ダーツバー A's　　大塚店,90.0,ダーツバー A's　清掃　大塚店,,ダーツバー A's　大塚店,,
518,TENPO#0047,南口店,立川酒場 魚丸 南口店,89.8,【店舗】H VIEW株式会社,,"立川酒場 魚丸 南口店, 日本、〒190-0023 東京都立川市柴崎町３丁目３−５ ベルフェアー・立川",,
519,TENPO#0010,神田店,デニーロ神田店,89.4,デニーロ 今村　定期清掃,,"デニーロ神田店, 日本、〒101-0054 東京都千代田区神田錦町３丁目１４−３ 神田錦町ビル 1階",,
521,TENPO#0014,渋谷店,0秒レモンサワー 仙台ホルモン焼肉酒場 ときわ亭 渋谷店,93.0,GOSSO　0秒レモンサワー　 深夜渋谷清掃,,"0秒レモンサワー 仙台ホルモン焼肉酒場 ときわ亭 渋谷店, 日本、〒150-0043 東京都渋谷区道玄坂１丁目５−５ 藤木ビル 2F",,
523,TENPO#0035,ららぽーと横浜,韓美膳ららぽーと横浜店　粗大ゴミ,91.0,【スポット】韓美膳ららぽーと横浜店　粗大ゴミ/害虫駆除,,"韓美膳ららぽーと横浜店, 日本、〒224-0053 神奈川県横浜市都筑区池辺町４０３５−１ 3階 ららぽーと横浜",,
526,TENPO#0115,神楽坂店,Darts Bar a's 神楽坂店,90.8,【定期清掃】Darts Bar a's 神楽坂店,,"會田ビル, 日本、〒162-0825 東京都新宿区神楽坂１丁目１０ 會田ビル",,
528,TENPO#0108,御座敷天婦羅　神楽坂 天孝,御座敷天婦羅　神楽坂 天孝　エアコン取り付け,91.8,御座敷天婦羅　神楽坂 天孝　エアコン取り付け,,,,
531,TENPO#0025,大塚店,ダーツバー A's　　大塚店　梅岡,90.4,ダーツバー A's　清掃　大塚店　梅岡,,ダーツバー A's　大塚店,,
535,TENPO#0025,大塚店,Darts Bar a's 大塚店,90.6,【定期清掃】Darts Bar a's 大塚店,,〒170-0004 東京都豊島区北大塚２丁目６−１０ ST1ビル 地下１階,,
537,TENPO#0064,竹祥,テイクユー　貝出汁中華そば 竹祥  初回,91.2,テイクユー　貝出汁中華そば 竹祥  初回清掃,,貝出汁中華そば竹祥,,
541,TENPO#0049,新河岸駅前店,居酒屋ビッグ 新河岸駅前店,90.4,居酒屋ビッグ新河岸店　神宮社長,,"居酒屋ビッグ 新河岸駅前店, 日本、〒350-1137 埼玉県川越市砂新田４９−４",,
542,TENPO#0083,本店,アサヒナフードイノベーション株式会社　銀座竹の庵5丁目本店　初回,93.2,【定期清掃】アサヒナフードイノベーション株式会社　銀座竹の庵5丁目本店　初回清掃,,"銀座竹の庵 5丁目本店, 日本、〒104-0061 東京都中央区銀座５丁目６−１３ 西五番街ビル",,
547,TENPO#0010,神田店,デニーロ神田店,89.4,デニーロ 今村　定期清掃,,"デニーロ神田店, 日本、〒101-0054 東京都千代田区神田錦町３丁目１４−３ 神田錦町ビル 1階",,
550,TENPO#0084,大井町店,ニーハオ大井町店,89.6,ニーハオ大井町店,,"你好 大井町, 日本、〒140-0011 東京都品川区東大井５丁目１７−４ 高山ビル B1",,
551,TENPO#0029,日本橋茅場町店,米と魚 さかなさま 日本橋茅場町店,91.0,魚　さかなさま　茅場町,,"米と魚 さかなさま 日本橋茅場町店, 日本、〒103-0026 東京都中央区日本橋兜町１５−６ 製粉会館ビル 地下1階",,
552,TENPO#0032,麺と肴　担々麺 ペン坊,麺と肴　担々麺 ペン坊 　青柳社長　  ネズミ駆除,91.6,麺と肴　担々麺 ペン坊 　青柳社長　 定期清掃 ネズミ駆除,,,,
555,TENPO#0067,平和台店,麺処いのこ平和台店　練馬区,90.4,麺処いのこ平和台店　練馬区,,"麺処いのこ平和台店, 日本、〒179-0083 東京都練馬区平和台２丁目５２−８",,
557,TENPO#0027,水道橋店,ダーツバーA`s 水道橋店,90.4,ダーツバー A's　清掃　水道橋,,ダーツバーA`s 水道橋店,,
558,TENPO#0089,北千住店,北海道らーめん みそ熊 北千住店,90.8,【スポット清掃】北海道ラーメンみそ熊　北千住 (1日/3日分),,"北海道らーめん みそ熊 北千住店, 日本、〒120-0034 東京都足立区千住３丁目３１",,
562,TENPO#0027,水道橋店,Yakitaro 水道橋店,90.4,水道橋焼肉太郎　エアコン修復,,"Yakitaro 水道橋店, 日本、〒101-0061 東京都千代田区神田三崎町２丁目１２−５ 大雅ビル",,
567,TENPO#0106,オイスター&珍味 bar 不夜城,オイスター&珍味 BAR 不夜城,100.0,スモールズ　不夜城椅子戻し,,"オイスター&珍味 BAR 不夜城, 日本、〒160-0021 東京都新宿区歌舞伎町１丁目３−１０ 思い出の抜け道ビル 2.3F",,
568,TENPO#0082,別館,蒲田ニーハオ別館のキーボックスに５店舗分の鍵が入ってます。,93.6,ニーハオ大森店,,"ニイハオ 大森店, 日本、〒143-0016 東京都大田区大森北１丁目２−１",,
572,TENPO#0053,新橋店,馬力新橋店 現調,89.4,馬力新橋店 現調,,,,
579,TENPO#0092,上野駅前店,カラオケパセラ上野駅前店　クロス貼り,91.4,カラオケパセラ上野駅前店　クロス貼り,,,,
580,TENPO#0073,立呑 富士屋本店,立呑富士屋本店,100.0,立呑富士屋本店,,,,
581,TENPO#77f42e59665b,N,cafe & dining MONKEY TREE,92.0,モンキーツリーラグ交換,,"cafe & dining MONKEY TREE, 日本、〒103-0027 東京都中央区日本橋馬喰町１丁目５−４ 中庄ビル 1F",,
584,TENPO#0010,神田店,ニーハオ 神田店,89.4,ニーハオ 神田店,,"ニイハオ 神田店, 日本、〒101-0044 東京都千代田区鍛冶町１丁目６−２ 林ビル B1F",,
585,TENPO#0029,日本橋茅場町店,米と魚 さかなさま 日本橋茅場町店,91.0,米と魚　さかなさま　ゴミ回収,,"米と魚 さかなさま 日本橋茅場町店, 日本、〒103-0026 東京都中央区日本橋兜町１５−６ 製粉会館ビル 地下1階",,
586,TENPO#0083,本店,富士屋本店　日本橋支店　現地調査,90.8,富士屋本店　日本橋支店　現地調査,,,,
588,TENPO#0009,SMITH BURGER CLUB,SMITH BURGER CLUB,100.0,【現場調査】（有）ティーアンドティー　タノベさま,,"SMITH BURGER CLUB, 日本、〒107-0052 東京都港区赤坂６丁目４−１５ シティマンション赤坂 106号室",,
594,TENPO#0027,水道橋店,ダーツバーA`s 水道橋店,90.4,ダーツバー A's　清掃　水道橋,,ダーツバーA`s 水道橋店,,
597,TENPO#0064,竹祥,テイクユー　貝出汁中華そば 竹祥  初回,91.2,テイクユー　貝出汁中華そば 竹祥  初回清掃,,貝出汁中華そば竹祥,,
598,TENPO#77f42e59665b,N,株式会社zans 代表鳥締役 かいかぶり 秋葉原店 @山田 現調,92.4,株式会社zans 代表鳥締役 かいかぶり 秋葉原店 @山田 現調,,,,
600,TENPO#0083,本店,株式会社ダイニングエッジ　楽が気　新橋本店,91.0,株式会社ダイニングエッジ　楽が気　新橋本店,,"楽が気, 日本、〒105-0004 東京都港区新橋３丁目２１−４ 新橋第2ペリカンビル 1F",,
602,TENPO#0048,代々木店,炭火焼ホルモンまんてん　代々木店　害虫駆除,91.8,炭火焼ホルモンまんてん　代々木店　害虫駆除,,炭火焼ホルモンまんてん　代々木店,,
603,TENPO#0083,本店,カラシビ味噌らー麺 鬼金棒 神田本店,91.2,【店舗】株式会社鬼金棒,,"カラシビ味噌らー麺 鬼金棒 神田本店, 日本、〒101-0044 東京都千代田区鍛冶町２丁目１０−９",,
604,TENPO#0093,上野御徒町店,御徒町,88.6,カラオケパセラ　渋谷/御徒町/上野,,,,
606,TENPO#0026,高円寺店,Darts Bar A's 高円寺店,90.8,ダーツバー A's　清掃　高円寺,,"Darts Bar A's 高円寺店, 日本、〒166-0003 東京都杉並区高円寺南３丁目５８−２２ ARISTO 高円寺 3階",,
608,TENPO#0076,焼肉 松の屋,焼肉 松の屋,100.0,焼肉 松の屋,,"焼肉 松の屋, 日本、〒154-0017 東京都世田谷区世田谷３丁目１−１０",,
609,TENPO#77f42e59665b,N,韓美膳ルミネ新宿 LUMINE1,91.0,株式会社東亜フードサービス,,"韓美膳ルミネ新宿 LUMINE1, 日本、〒160-0023 東京都新宿区西新宿１丁目１−５ ルミネ新宿 LUMINE1 7F",,
612,TENPO#0083,本店,アサヒナフードイノベーション株式会社　銀座竹の庵5丁目本店　初回,93.2,【定期清掃】アサヒナフードイノベーション株式会社　銀座竹の庵5丁目本店　初回清掃,,"銀座竹の庵 5丁目本店, 日本、〒104-0061 東京都中央区銀座５丁目６−１３ 西五番街ビル",,
613,TENPO#0106,オイスター&珍味 bar 不夜城,オイスター&珍味 BAR 不夜城,100.0,スモールズ ゴールデン街 ドレンホース延長工事,,"オイスター&珍味 BAR 不夜城, 日本、〒160-0021 東京都新宿区歌舞伎町１丁目３−１０ 思い出の抜け道ビル 2.3F",,
616,TENPO#0115,神楽坂店,Darts Bar A's 神楽坂店,90.8,ダーツバー A's　清掃　神楽坂,,"Darts Bar A's 神楽坂店, 日本、〒162-0825 東京都新宿区神楽坂１丁目１０ 會田ビル 4F",,
618,TENPO#0064,竹祥,貝出汁 中華そば 竹祥 ～たけしょう～　Vベルト交換,92.4,貝出汁 中華そば 竹祥 ～たけしょう～　Vベルト交換,,"貝出汁 中華そば 竹祥 ～たけしょう～, 日本、〒180-0004 東京都武蔵野市吉祥寺本町１丁目２４−６",,
620,TENPO#77f42e59665b,N,Mineo 解約,89.4,Mineo 解約,,,,
621,TENPO#0031,鮨 輝らく,輝らく,88.6,飯田橋　輝らく　堀題地社長,,"輝らく, 日本、〒162-0825 東京都新宿区神楽坂３丁目１ クレール神楽坂３",,
623,TENPO#0027,水道橋店,Darts Bar a's 水道橋店,90.8,Darts Bar a's 水道橋店,,"新水道橋ビル, 日本、〒101-0061 東京都千代田区神田三崎町２丁目２２−１８ 新水道橋ビル",,
626,TENPO#0032,麺と肴　担々麺 ペン坊,麺と肴　担々麺 ペン坊 　青柳社長　  ネズミ駆除,91.6,麺と肴　担々麺 ペン坊 　青柳社長　 定期清掃 ネズミ駆除,,"麺と肴 担々麺 ぺん坊 ラーメン 本所吾妻橋, 日本、〒130-0001 東京都墨田区吾妻橋３丁目６−１５ サンサーラ吾妻橋 105",,
628,TENPO#0038,青山店,株式会社フォーシーズ クアアイナ 青山店,90.8,【スポット清掃】株式会社フォーシーズ クアアイナ 青山店,,"KUA`AINA 青山本店, 日本、〒107-0062 東京都港区南青山５丁目１０−２１",,
637,TENPO#0121,油そば 雷神 店舗未設定,油そば雷神,89.0,雷神　初回清掃,,油そば雷神,,
643,TENPO#0083,本店,株式会社富士屋本店　サクラステージ,90.4,【現調】株式会社富士屋本店　サクラステージ,,,,
646,TENPO#0029,日本橋茅場町店,米と魚 さかなさま 日本橋茅場町店,91.0,米と魚　さかなさま　ゴミ回収,,"米と魚 さかなさま 日本橋茅場町店, 日本、〒103-0026 東京都中央区日本橋兜町１５−６ 製粉会館ビル 地下1階",,
648,TENPO#0071,大勝軒まるいち 新宿東南口店,大勝軒まるいち 新宿東南口店,100.0,大勝軒まるいち 新宿東南口店,,大勝軒まるいち　新宿東南口店,,
650,TENPO#0060,大衆寿司酒場こがね,埼玉県越谷市南越谷1-26-9 (大衆寿司酒場こがね）,92.4,株式会社元気Dining,,埼玉県越谷市南越谷1-26-9 (大衆寿司酒場こがね）,,
653,TENPO#0057,弐,プラネット　魚焼男 弐,89.8,株式会社オン・ザ・プラネット　魚焼男 弐,,"魚焼男 弐, 日本、〒105-0004 東京都港区新橋３丁目１５−８ 精工ビル B1F",,
655,TENPO#0010,神田店,ニーハオ 神田店,89.4,ニーハオ 神田店,,"ニイハオ 神田店, 日本、〒101-0044 東京都千代田区鍛冶町１丁目６−２ 林ビル B1F",,
657,TENPO#0082,別館,ニーハオ蒲田　別館（大規模店舗）,90.6,ニーハオ蒲田　別館（大規模店舗）,,ニーハオ蒲田本店,,
658,TENPO#0058,ニューイブシオ,プラネット　新燻男ニューイブシオ,91.0,株式会社オン・ザ・プラネット　新燻男ニューイブシオ,,新燻男ニューイブシオ,,
662,TENPO#0043,新宿店,メティウスフーズ新宿店,90.2,【現地調査】メティウスフーズ新宿店,,,,
666,TENPO#0019,火鍋 小肥羊 銀座店,火鍋 小肥羊 銀座店 しゃおふぇいやん,91.2,銀座小肥羊,,"火鍋 小肥羊 銀座店 しゃおふぇいやん, 日本、〒104-0061 東京都中央区銀座２丁目６−９ ＧＩＮＺＡ２６９ 5F",,
667,TENPO#0025,大塚店,ダーツバー A's　　大塚店,90.0,ダーツバー A's　清掃　大塚店,,ダーツバー A's　大塚店,,
668,TENPO#77f42e59665b,N,査察_COCONEEL（ココニール）新宿隠れ家イタリアン,93.0,清掃査察_COCONEEL（ココニール）新宿隠れ家イタリアン,,,,
669,TENPO#0047,南口店,H VIEW株式会社　立川酒場 魚丸 南口店　初回,91.2,【定期清掃】H VIEW株式会社　立川酒場 魚丸 南口店　初回清掃,,"立川酒場 魚丸 南口店, 日本、〒190-0023 東京都立川市柴崎町３丁目３−５ ベルフェアー・立川",,
672,TENPO#0083,本店,東京餃子楼 三軒茶屋本店,90.2,東京ガス遮断機　掘削＆修復,,"東京餃子楼 三軒茶屋本店, 日本、〒154-0004 東京都世田谷区太子堂４丁目４−２ ラウスパレス三軒茶屋",,
674,TENPO#0113,工場,ニーハオ蒲田　工場,89.6,ニーハオ蒲田　工場,,"你好(ニーハオ)大飯店, 日本、〒144-0052 東京都大田区蒲田４丁目３６−８ プランドール",,
675,TENPO#0027,水道橋店,家庭料理居酒屋　焼肉Yakitaro　水道橋店,92.2,家庭料理居酒屋　焼肉Yakitaro　水道橋店　清掃,,"Yakitaro 水道橋店, 日本、〒101-0061 東京都千代田区神田三崎町２丁目１２−５ 大雅ビル",,
677,TENPO#0037,ラゾーナ川崎,ラゾーナ川崎　泡盛と沖縄地料理 龍泉 ラゾーナ川崎店,92.6,"ラゾーナ川崎　泡盛と沖縄地料理 龍泉 ラゾーナ川崎店
バンビジェ　アフターフォロー",,,,
689,TENPO#0083,本店,本店 並木橋 なかむら,89.8,【初回清掃】並木橋なかむら　2回目/３回分,,"本店 並木橋 なかむら, 日本、〒150-0002 東京都渋谷区渋谷３丁目１３−５ Bprレジデンス渋谷 2階B",,
690,TENPO#0092,上野駅前店,カラオケ上野駅前店　修繕なーろん,91.0,カラオケ上野駅前店　修繕なーろん,,,,
692,TENPO#0053,新橋店,魚豪商コダマ新橋店　ウォッシュレット調査,91.8,魚豪商コダマ新橋店　ウォッシュレット調査,,,,
696,TENPO#0053,新橋店,生ラムかんな新橋店,89.8,生ラムかんなネズミ駆除,,"生ラムかんな新橋店, 日本、〒105-0004 東京都港区新橋４丁目１４−８",,
697,TENPO#77f42e59665b,N,株式会社goonies,89.4,株式会社goonies,,〒115-0055 東京都北区赤羽西１丁目３９−２ 松井ビル 2F,,
698,TENPO#0040,五反田店,インドカレー maya（マヤ）五反田店,91.2,【現地調査】インドカレー　maya　五反田,,インドカレー maya（マヤ）五反田店,,
699,TENPO#0025,大塚店,ダーツバー A's　　大塚店,90.0,ダーツバー A's　清掃　大塚店,,ダーツバー A's　大塚店,,
700,TENPO#0092,上野駅前店,レストランじゅらく　上野駅前店 ４店舗現地調査,92.2,レストランじゅらく　上野駅前店 ４店舗現地調査,,"酒亭じゅらく 上野店, 日本、〒110-0005 東京都台東区上野６丁目１１−６",,
703,TENPO#0085,大森店,ニーハオ 大森店　クレーム対応,90.6,ニーハオ 大森店　クレーム清掃対応,,,,
706,TENPO#0053,新橋店,魚豪商コダマ新橋店　ウォッシュレット修理,91.8,魚豪商コダマ新橋店　ウォッシュレット修理,,,,
712,TENPO#0029,日本橋茅場町店,Darts Bar As 日本橋茅場町店,91.4,【定期清掃】Darts Bar As 日本橋茅場町店,,"兜町第二ビル, 日本、〒103-0026 東京都中央区日本橋兜町９−２",,
714,TENPO#0125,宮崎辛麺　辛麺屋一輪,宮崎辛麺　辛麺屋一輪,100.0,宮崎辛麺　辛麺屋一輪 清掃,,世田谷区瀬田2-28-10-1f 宮崎辛麺　辛麺屋一輪,,
721,TENPO#0014,渋谷店,カラオケパセラ渋谷店　修繕現地調査 @なーろん,92.0,カラオケパセラ渋谷店　修繕現地調査 @なーろん,,,,
723,TENPO#0066,赤塚店,いのこ板橋区赤塚店,89.8,いのこ板橋区赤塚店,,"麺処いのこ 赤塚店, 日本、〒175-0093 東京都板橋区赤塚新町３丁目８−２５",,
724,TENPO#0020,モンキーツリー 店舗未設定,モンキーツリー,89.4,モンキーツリー　定期清掃/ラグ交換,,モンキーツリー馬喰町,,
725,TENPO#0121,油そば 雷神 店舗未設定,油そば雷神,89.0,雷神　初回清掃,,油そば雷神,,
726,TENPO#0066,赤塚店,麺処いのこ 赤塚店,89.6,【クレーム対応】麺処いのこ 赤塚店,,,,
734,TENPO#0083,本店,本店 並木橋 なかむら,89.8,【定期清掃】並木橋なかむら　初回清掃,,"本店 並木橋 なかむら, 日本、〒150-0002 東京都渋谷区渋谷３丁目１３−５ Bprレジデンス渋谷 2階B",,
737,TENPO#0083,本店,富士屋本店　日本橋日程,90.0,富士屋本店　日本橋日程,,"富士屋本店 日本橋浜町, 日本、〒103-0007 東京都中央区日本橋浜町２丁目２４−２",,
743,TENPO#0073,立呑 富士屋本店,立呑 富士屋本店,100.0,立呑 富士屋本店　エアコン分解/プロペラファン交換,,"立呑 富士屋本店, 日本、〒150-0031 東京都渋谷区桜丘町１６−１０",,
748,TENPO#77f42e59665b,N,COCONEEL（ココニール）新宿隠れ家イタリアン,92.6,【AP取りTEL：この時間内】COCONEEL（ココニール）新宿隠れ家イタリアン,,,,
750,TENPO#0027,水道橋店,Darts Bar A's 水道橋店,90.8,ダーツバー A's　清掃　水道橋,,"Darts Bar A's 水道橋店, 日本、〒101-0061 東京都千代田区神田三崎町２丁目２２−１８ 新水道橋ビル 4F",,
752,TENPO#0089,北千住店,みそ熊　北千住店,89.4,【現地調査】　みそ熊　北千住店,,,,
756,TENPO#0010,神田店,デニーロ神田店,89.4,デニーロ 今村　定期清掃,,"デニーロ神田店, 日本、〒101-0054 東京都千代田区神田錦町３丁目１４−３ 神田錦町ビル 1階",,
758,TENPO#0128,ビストロ エヴォルテ,ビストロ　エヴォルテ　コンセント修繕,91.2,ビストロ　エヴォルテ　コンセント修繕,,ビストロエヴォルテ　蒲田,,
759,TENPO#0042,麹町店,デイジー麹町店,89.4,【定期清掃】デイジー麹町店,,"デイジイ 麹町店, 日本、〒102-0083 東京都千代田区麹町４丁目３−２２ 紅谷ビル",,
760,TENPO#0038,青山店,株式会社直久 青山店 現地調査,89.8,株式会社直久 青山店 現地調査,,,,
762,TENPO#0027,水道橋店,ダーツバーA`s 水道橋店,90.4,ダーツバー A's　清掃　水道橋　梅岡定期清掃,,ダーツバーA`s 水道橋店,,
764,TENPO#0010,神田店,デニーロ神田店,89.4,デニーロ 今村　定期清掃,,"デニーロ神田店, 日本、〒101-0054 東京都千代田区神田錦町３丁目１４−３ 神田錦町ビル 1階",,
765,TENPO#0106,オイスター&珍味 bar 不夜城,オイスター&珍味 BAR 不夜城,100.0,スモールズ オイスター&珍味 bar 不夜城 隔月清掃,,"オイスター&珍味 BAR 不夜城, 日本、〒160-0021 東京都新宿区歌舞伎町１丁目３−１０ 思い出の抜け道ビル 2.3F",,
766,TENPO#0027,水道橋店,ダーツバーA`s 水道橋店,90.4,ダーツバー A's　清掃　水道橋,,ダーツバーA`s 水道橋店,,
769,TENPO#0066,赤塚店,いのこ板橋区赤塚店,89.8,いのこ板橋区赤塚店,,"麺処いのこ 赤塚店, 日本、〒175-0093 東京都板橋区赤塚新町３丁目８−２５",,
771,TENPO#0037,ラゾーナ川崎,ラゾーナ川崎,100.0,【営業】ラゾーナ川崎,,〒212-8576 神奈川県川崎市幸区堀川町７２−１,,
773,TENPO#0048,代々木店,まんてん 代々木店,89.6,炭火焼肉まんてん　代々木　害虫駆除,,"まんてん 代々木店, 日本、〒151-0053 東京都渋谷区代々木１丁目１８−１６ RESビル 1F",,
774,TENPO#0134,丸鶏 るいすけ 店舗未設定,丸鶏 るいすけ,89.2,株式会社ロイヤルストレートフラッシュ　丸鶏るいすけ,,"丸鶏 るいすけ, 日本、〒160-0023 東京都新宿区西新宿７丁目１４−６ 西新宿第二高橋ビル 1F",,
777,TENPO#0067,平和台店,麺処いのこ平和台店　練馬区,90.4,麺処いのこ平和台店　練馬区,,"麺処いのこ平和台店, 日本、〒179-0083 東京都練馬区平和台２丁目５２−８",,
781,TENPO#77f42e59665b,N,ZANGIRI Next 新宿西口店（BARBER SHOP）,93.2,ざんぎりネクストエアコン分解清掃,,"ZANGIRI Next 新宿西口店（BARBER SHOP）, 日本、〒160-0023 東京都新宿区西新宿７丁目１０−１９ 西新宿ビル 3F",,
782,TENPO#0010,神田店,株式会社馬力 神田店 初回  3名,89.8,株式会社馬力 神田店 初回清掃  3名,,"馬力 神田南口店, 日本、〒103-0022 東京都中央区日本橋室町４丁目２−１",,
792,TENPO#0075,新宿東口駅前スタジアム,ゴーゴーカレー 新宿東口駅前スタジアム,91.6,レンジフード清掃　ユウジ,,"ゴーゴーカレー 新宿東口駅前スタジアム, 日本、〒160-0022 東京都新宿区新宿３丁目２５−９ 高橋ビル B1F",,
793,TENPO#0115,神楽坂店,Darts Bar A's 神楽坂店,90.8,ダーツバー A's　清掃　神楽坂,,"Darts Bar A's 神楽坂店, 日本、〒162-0825 東京都新宿区神楽坂１丁目１０ 會田ビル 4F",,
795,TENPO#0134,丸鶏 るいすけ 店舗未設定,丸鶏 るいすけ,89.2,【スポット清掃】株式会社ロイヤルストレートフラッシュ　丸鶏るいすけ（2日/2日分）,,"丸鶏 るいすけ, 日本、〒160-0023 東京都新宿区西新宿７丁目１４−６ 西新宿第二高橋ビル 1F",,
796,TENPO#0083,本店,"本店のみで77,000円",90.2,株式会社とくやまホールディングス,,"分とく山, 日本、〒106-0047 東京都港区南麻布５丁目１−５",,
801,TENPO#0026,高円寺店,ダーツバー A's　高円寺店,90.2,ダーツバー A's　清掃　高円寺,,ダーツバー A's　高円寺店,,
803,TENPO#0014,渋谷店,カラオケパセラ渋谷店　修繕現地調査 @なーろん,92.0,カラオケパセラ渋谷店　修繕現地調査 @なーろん,,,,
806,TENPO#0048,代々木店,武蔵野アブラ学会　代々木店,90.4,武蔵野アブラ学会　代々木店,,"武蔵野アブラ学会 代々木店, 日本、〒151-0053 東京都渋谷区代々木１丁目５８−７",,
815,TENPO#77f42e59665b,N,KABUTO ONE,89.8,関口打合せ,,"KABUTO ONE, 日本、〒103-0026 東京都中央区日本橋兜町７−１",,
817,TENPO#0020,モンキーツリー 店舗未設定,モンキーツリー,89.4,モンキーツリー　定期清掃,,モンキーツリー馬喰町,,
818,TENPO#0083,本店,東京餃子楼 三軒茶屋本店,90.2,株式会社パズルフードサービス　齋藤様,,"東京餃子楼 三軒茶屋本店, 日本、〒154-0004 東京都世田谷区太子堂４丁目４−２ ラウスパレス三軒茶屋",,
820,TENPO#77f42e59665b,N,Japanese Bar Inoshikacho 猪鹿蝶,93.0,ゴールデン街　スモールズ　トイレドア修理,,"Japanese Bar Inoshikacho 猪鹿蝶, 日本、〒160-0021 東京都新宿区歌舞伎町１丁目１−１０ 2F",,
823,TENPO#77f42e59665b,N,https://maps.app.goo.gl/qyNUYw899qqKnWpb6?g_st=com.google.maps.preview.copy,98.0,とんかつさくら　エアコン分解洗浄,,,,https://maps.app.goo.gl/qyNUYw899qqKnWpb6?g_st=com.google.maps.preview.copy
830,TENPO#77f42e59665b,N,G-vision株式会社,89.4,G-vision株式会社,,東京都江戸川区西葛西６丁目１６−７ 白子ビル 第2 601,,
831,TENPO#0010,神田店,デニーロ神田店,89.4,デニーロ 今村　定期清掃,,"デニーロ神田店, 日本、〒101-0054 東京都千代田区神田錦町３丁目１４−３ 神田錦町ビル 1階",,
832,TENPO#0053,新橋店,コダマ新橋店,89.2,コダマ新橋店,,,,
834,TENPO#0083,本店,粗大ゴミ回収　分とくやま本店,90.6,粗大ゴミ回収　分とくやま本店,,"分とく山（わけとくやま）, 日本、〒106-0047 東京都港区南麻布５丁目１−５",,
835,TENPO#0025,大塚店,ダーツバー A's　　大塚店,90.0,ダーツバー A's　清掃　大塚店,,ダーツバー A's　大塚店,,
837,TENPO#77f42e59665b,N,cafe & dining MONKEY TREE,92.0,モンキーツリーラグ交換,,"cafe & dining MONKEY TREE, 日本、〒103-0027 東京都中央区日本橋馬喰町１丁目５−４ 中庄ビル 1F",,
838,TENPO#0053,新橋店,生ラムかんな新橋店,89.8,ネズミ生ラムかんな　ネズミ現地調査　イカリ消毒　高橋さん,,"生ラムかんな新橋店, 日本、〒105-0004 東京都港区新橋４丁目１４−８",,
842,TENPO#0082,別館,蒲田ニーハオ別館のキーボックスに５店舗分の鍵が入ってます。,93.6,ニーハオ大森店,,"ニイハオ 大森店, 日本、〒143-0016 東京都大田区大森北１丁目２−１",,
845,TENPO#0106,オイスター&珍味 bar 不夜城,スモールズ オイスター&珍味 bar 不夜城 or ゴールデン街 隔月,93.6,スモールズ オイスター&珍味 bar 不夜城 or ゴールデン街 隔月清掃,,新宿 猪鹿蝶,,
846,TENPO#0083,本店,富士屋本店　日本橋日程,90.0,富士屋本店　日本橋日程,,"富士屋本店 日本橋浜町, 日本、〒103-0007 東京都中央区日本橋浜町２丁目２４−２",,
850,TENPO#0020,モンキーツリー 店舗未設定,モンキーツリー,89.4,モンキーツリー　定期清掃,,モンキーツリー馬喰町,,
851,TENPO#0083,本店,株式会社ダイニングエッジ　楽が気　新橋本店,91.0,株式会社ダイニングエッジ　楽が気　新橋本店,,"楽が気, 日本、〒105-0004 東京都港区新橋３丁目２１−４ 新橋第2ペリカンビル 1F",,
853,TENPO#0083,本店,珍來総本店直営 草加駅前店,90.4,【店舗】株式会社　珍來総本店,,"珍來総本店直営 草加駅前店, 日本、〒340-0015 埼玉県草加市高砂２丁目７−１ アコス 南館 1F",,
855,TENPO#0066,赤塚店,いのこ板橋区赤塚店,89.8,いのこ板橋区赤塚店,,"麺処いのこ 赤塚店, 日本、〒175-0093 東京都板橋区赤塚新町３丁目８−２５",,
859,TENPO#0083,本店,富士屋本店　日本橋日程,90.0,富士屋本店　日本橋日程,,"富士屋本店 日本橋浜町, 日本、〒103-0007 東京都中央区日本橋浜町２丁目２４−２",,
861,TENPO#0031,鮨 輝らく,輝らく,88.6,飯田橋　輝らく　堀題地社長,,"輝らく, 日本、〒162-0825 東京都新宿区神楽坂３丁目１ クレール神楽坂３",,
866,TENPO#0032,麺と肴　担々麺 ペン坊,麺と肴　担々麺 ペン坊 　青柳社長　  ネズミ駆除,91.6,麺と肴　担々麺 ペン坊 　青柳社長　 定期清掃 ネズミ駆除,,,,
868,TENPO#0026,高円寺店,Darts Bar a's 高円寺店,90.8,【定期清掃】Darts Bar a's 高円寺店,,〒166-0003 東京都杉並区高円寺南３丁目５８−２２ ARISTO 高円寺 3階,,
869,TENPO#0126,Aphrodite　アフロディーテ（ニューハーフバー）,Aphrodite アフロディーテ,91.2,合同会社SKTCAphrodite,,"Aphrodite アフロディーテ, 日本、〒106-0032 東京都港区六本木７丁目４−４ 8TKGビル 301",,
870,TENPO#0020,モンキーツリー 店舗未設定,モンキーツリー,89.4,モンキーツリー　　おかわり清掃,,モンキーツリー,,
872,TENPO#77f42e59665b,N,1.namaste フードウェイ高田馬場店,91.8,高田馬場２店舗　現地調査　エアコン　レンジフード,,"フードウェイ, 日本、〒169-0075 東京都新宿区高田馬場２丁目１４−２ B1F",,
873,TENPO#0102,新橋バーラウンジ御殿,新橋バーラウンジ御殿　最終　梅岡,90.8,新橋バーラウンジ御殿　最終清掃　梅岡定期清掃,,"新橋バーラウンジ御殿(オデン), 日本、〒105-0004 東京都港区新橋３丁目２１−１０ オルバスビル 3F",,
877,TENPO#77f42e59665b,N,: Google サポートのTag Implementation の予約 [5-1109000038774],97.0,[確認済み]: Google サポートのTag Implementation の予約 [5-1109000038774],,,,
878,TENPO#0083,本店,富士屋本店　日本橋日程,90.0,富士屋本店　日本橋日程,,"富士屋本店 日本橋浜町, 日本、〒103-0007 東京都中央区日本橋浜町２丁目２４−２",,
883,TENPO#77f42e59665b,N,1.namaste フードウェイ高田馬場店,91.8,高田馬場２店舗　現地調査　エアコン　レンジフード,,"サルーテ 高田馬場, 日本、〒169-0075 東京都新宿区高田馬場２丁目１４−２ B１F",,
885,TENPO#77f42e59665b,N,https://us04web.zoom.us/j/73743474442?pwd=IWfOQ6nmvOVY5TW9XnkQn047v5G1ul.1,98.0,増田優香 の Zoom ミーティング,,https://us04web.zoom.us/j/73743474442?pwd=IWfOQ6nmvOVY5TW9XnkQn047v5G1ul.1,,
887,TENPO#0042,麹町店,デイジー麹町店,89.4,デイジー麹町店　定期清掃,,"デイジイ 麹町店, 日本、〒102-0083 東京都千代田区麹町４丁目３−２２ 紅谷ビル",,
890,TENPO#0031,鮨 輝らく,輝らく,88.6,飯田橋　輝らく　定期清掃,,"輝らく, 日本、〒162-0825 東京都新宿区神楽坂３丁目１ クレール神楽坂３",,
892,TENPO#0083,本店,富士屋本店　日本橋日程　（残り）,90.4,富士屋本店　日本橋日程　（残り清掃）,,"富士屋本店 日本橋浜町, 日本、〒103-0007 東京都中央区日本橋浜町２丁目２４−２",,
893,TENPO#0115,神楽坂店,FAST OYSTERS 神楽坂店,91.0,FAST OYSTERS　神楽坂,,"FAST OYSTERS 神楽坂店, 日本、〒162-0825 東京都新宿区神楽坂４丁目2ｰ1 島田ビル 3F",,
898,TENPO#0040,五反田店,株式会社フォーシーズ クアアイナ 五反田店,91.0,【スポット清掃】株式会社フォーシーズ クアアイナ 五反田店,,"KUA`AINA 五反田店, 日本、〒141-0031 東京都品川区西五反田１丁目２６−７ カノウビル 1F",,
900,TENPO#77f42e59665b,N,https://maps.app.goo.gl/nHrkSU7mvqHffiBZA?g_st=ipc,96.0,月島 inu  to hito　厨房機器と製氷機の清掃,,,,https://maps.app.goo.gl/nHrkSU7mvqHffiBZA?g_st=ipc
901,TENPO#0082,別館,ニーハオ別館エアコン現調,90.4,ニーハオ別館エアコン現調/害虫駆除,,,,
902,TENPO#0133,赤坂店,愛宕店→赤坂店　査察　板前寿司ジャパン,91.4,愛宕店→赤坂店　査察　板前寿司ジャパン,,"東京寿司 ITAMAE SUSHI 愛宕店, 日本、〒105-0001 東京都港区虎ノ門３丁目２１−５ 愛宕グリーンヒルズプラザ1F",,
906,TENPO#77f42e59665b,N,株式会社zans,88.8,株式会社zans,,東京都千代⽥区神⽥佐久間町2-10 飯島ビル 1F表側（国産銘酒酒場​しゃかりき）,,
907,TENPO#0083,本店,富士屋本店　準備部材カット,90.4,富士屋本店　準備部材カット,,,,
910,TENPO#0083,本店,株式会社富士屋本店　サクラステージ,90.4,【現調】株式会社富士屋本店　サクラステージ,,,,
911,TENPO#0053,新橋店,株式会社馬力　新橋店,89.0,株式会社馬力　新橋店,,"馬力, 日本、〒105-0004 東京都港区新橋３丁目１７−５ グラン.フォークス新橋",,
912,TENPO#0026,高円寺店,ダーツバー A's　高円寺店,90.2,ダーツバー A's　清掃　高円寺,,ダーツバー A's　高円寺店,,
913,TENPO#0031,鮨 輝らく,輝らく,88.6,飯田橋　輝らく　定期清掃,,"輝らく, 日本、〒162-0825 東京都新宿区神楽坂３丁目１ クレール神楽坂３",,
917,TENPO#0029,日本橋茅場町店,Darts Bar As 日本橋茅場町店,91.4,【定期清掃】Darts Bar As 日本橋茅場町店,,"兜町第二ビル, 日本、〒103-0026 東京都中央区日本橋兜町９−２",,
920,TENPO#0072,日本橋浜町,日本橋浜町　商談,89.4,日本橋浜町　定期清掃商談,,,,
921,TENPO#0089,北千住店,北海道らーめん みそ熊 北千住店,90.8,【再清掃】北海道ラーメンみそ熊　北千住 (4日/3日分),,"北海道らーめん みそ熊 北千住店, 日本、〒120-0034 東京都足立区千住３丁目３１",,
922,TENPO#0071,大勝軒まるいち 新宿東南口店,大勝軒まるいち新宿東南口店,100.0,大勝軒まるいち新宿西口　薬剤拭き取り,,"大勝軒まるいち新宿東南口店, 日本、〒160-0022 東京都新宿区新宿３丁目３４−３",,
925,TENPO#0019,火鍋 小肥羊 銀座店,火鍋 小肥羊 銀座店 しゃおふぇいやん,91.2,小肥羊　暗視カメラ回収,,"火鍋 小肥羊 銀座店 しゃおふぇいやん, 日本、〒104-0061 東京都中央区銀座２丁目６−９ ＧＩＮＺＡ２６９ 5F",,
926,TENPO#0068,神田南口店,馬力 神田南口店,89.4,馬力神田グリストラップ配管つまり高圧洗浄対応,,"馬力 神田南口店, 日本、〒103-0022 東京都中央区日本橋室町４丁目２−１",,
929,TENPO#0032,麺と肴　担々麺 ペン坊,麺と肴　担々麺 ペン坊　残り業務処理,91.0,麺と肴　担々麺 ペン坊　残り業務処理,,,,
930,TENPO#0030,蕎麦割烹居酒屋　更科天狐,蕎麦割烹居酒屋　更科天狐,100.0,蕎麦割烹居酒屋　更科天狐　清掃,,"浅草 更科天狐, 日本、〒111-0032 東京都台東区浅草２丁目７−２５",,
935,TENPO#0074,たまき新宿2代目店,たまき新宿2代目店,100.0,エアコン床の張り替えチェック　見積もり,,"たまき 新宿2代目本店, 日本、〒160-0021 東京都新宿区歌舞伎町１丁目１５−８ 丸尾ビル 3F",,
938,TENPO#0026,高円寺店,ダーツバー A's　高円寺店,90.2,ダーツバー A's　清掃　高円寺,,ダーツバー A's　高円寺店,,
940,TENPO#0066,赤塚店,いのこ板橋区赤塚店,89.8,いのこ板橋区赤塚店,,"麺処いのこ 赤塚店, 日本、〒175-0093 東京都板橋区赤塚新町３丁目８−２５",,
941,TENPO#0092,上野駅前店,カラオケパセラ上野駅前店　クロス貼り,91.4,カラオケパセラ上野駅前店　クロス貼り,,,,
942,TENPO#0027,水道橋店,ダーツバーA`s 水道橋店,90.4,ダーツバー A's　清掃　水道橋,,ダーツバーA`s 水道橋店,,
943,TENPO#0030,蕎麦割烹居酒屋　更科天狐,蕎麦割烹居酒屋　更科天狐キッチン床洗浄,91.6,蕎麦割烹居酒屋　更科天狐キッチン床洗浄,,"浅草 更科天狐, 日本、〒111-0032 東京都台東区浅草２丁目７−２５",,
945,TENPO#0113,工場,ニーハオ蒲田　工場,89.6,ニーハオ蒲田　工場,,"你好(ニーハオ)大飯店, 日本、〒144-0052 東京都大田区蒲田４丁目３６−８ プランドール",,
947,TENPO#0083,本店,富士屋本店 日本橋浜町,90.0,富士屋本店　日本橋,,"富士屋本店 日本橋浜町, 日本、〒103-0007 東京都中央区日本橋浜町２丁目２４−２",,
950,TENPO#0115,神楽坂店,Darts Bar A's 神楽坂店,90.8,ダーツバー A's　清掃　神楽坂,,"Darts Bar A's 神楽坂店, 日本、〒162-0825 東京都新宿区神楽坂１丁目１０ 會田ビル 4F",,
951,TENPO#0019,火鍋 小肥羊 銀座店,火鍋 小肥羊 銀座店 しゃおふぇいやん,91.2,小肥羊（台あげ）　ネズミ駆除,,"火鍋 小肥羊 銀座店 しゃおふぇいやん, 日本、〒104-0061 東京都中央区銀座２丁目６−９ ＧＩＮＺＡ２６９ 5F",,
952,TENPO#0029,日本橋茅場町店,米と魚 さかなさま 日本橋茅場町店,91.0,米と魚　さかなさま　ゴミ回収,,"米と魚 さかなさま 日本橋茅場町店, 日本、〒103-0026 東京都中央区日本橋兜町１５−６ 製粉会館ビル 地下1階",,
956,TENPO#0083,本店,・住所：東京都大田区蒲田4-24-14 (ニーハオ本店）,92.4,ニーハオ食品株式会社,,東京都大田区蒲田4-24-14 (ニーハオ本店）,,
957,TENPO#77f42e59665b,N,株式会社FANG DREAM COMPANY,91.2,株式会社FANG DREAM COMPANY,,東京都中央区銀座8-10 銀座ナイン3号館 B1F,,
965,TENPO#0083,本店,本店 並木橋 なかむら,89.8,フェアグランド　並木橋なかむら　WiFi調査,,"本店 並木橋 なかむら, 日本、〒150-0002 東京都渋谷区渋谷３丁目１３−５ Bprレジデンス渋谷 2階B",,
969,TENPO#0089,北千住店,北海道らーめん みそ熊 北千住店,90.8,【現調】北海道らーめん　みそ熊　北千住,,"北海道らーめん みそ熊 北千住店, 日本、〒120-0034 東京都足立区千住３丁目３１",,https://maps.app.goo.gl/2DChMmP5wJutJmp3A?g_st=ipc
972,TENPO#0129,米と魚　さかなさま,米と魚　さかなさま,100.0,米と魚　さかなさま,,"米と魚 さかなさま 日本橋茅場町店, 日本、〒103-0026 東京都中央区日本橋兜町１５−６ 製粉会館ビル 地下1階",,
973,TENPO#0106,オイスター&珍味 bar 不夜城,オイスター&珍味 BAR 不夜城,100.0,スモールズ オイスター&珍味 bar 不夜城 隔月清掃,,"オイスター&珍味 BAR 不夜城, 日本、〒160-0021 東京都新宿区歌舞伎町１丁目３−１０ 思い出の抜け道ビル 2.3F",,
974,TENPO#0131,片山鶏肉店,片山鶏肉店 エアコン分解洗浄1階部分,91.4,片山鶏肉店 エアコン分解洗浄1階部分,,"片山鳥肉店, 日本、〒164-0001 東京都中野区中野３丁目３４−１６ 飯田ビル １-５F",,
979,TENPO#0030,蕎麦割烹居酒屋　更科天狐,蕎麦割烹居酒屋　更科天狐〜さらしなてんこ〜,92.0,蕎麦割烹居酒屋　更科天狐〜さらしなてんこ〜,,蕎麦割烹居酒屋　更科天狐〜さらしなてんこ〜,,
980,TENPO#0043,新宿店,メティウスフーズ PASTA of LIFE 新宿店　初回,92.8,【定期清掃】メティウスフーズ PASTA of LIFE 新宿店　初回,,,,https://maps.app.goo.gl/SYdUTgJVW12hWZPG6?g_st=ipc
981,TENPO#0048,代々木店,武蔵野アブラ学会　代々木店,90.4,【定期清掃】武蔵野アブラ学会　代々木店,,"武蔵野アブラ学会 代々木店, 日本、〒151-0053 東京都渋谷区代々木１丁目５８−７",,
982,TENPO#0053,新橋店,メティウスフーズ ピッツェリア ドォーロ 新橋店,92.2,【定期清掃】メティウスフーズ ピッツェリア ドォーロ 新橋店,,ピッツェリア ドォーロ 新橋店,,
983,TENPO#0089,北千住店,北海道らーめん みそ熊 北千住店,90.8,【スポット清掃】北海道ラーメンみそ熊　北千住 (3日/3日分),,"北海道らーめん みそ熊 北千住店, 日本、〒120-0034 東京都足立区千住３丁目３１",,
984,TENPO#0092,上野駅前店,カラオケパセラ上野駅前店　修繕なーろん,91.6,カラオケパセラ上野駅前店　修繕なーろん,,,,
985,TENPO#0082,別館,ニーハオ蒲田　別館,89.6,【定期清掃】ニーハオ蒲田　別館,,ニーハオ蒲田本店,,
986,TENPO#0083,本店,株式会社ダイニングエッジ　楽が気　新橋本店,91.0,【定期清掃】株式会社ダイニングエッジ　楽が気　新橋本店,,"楽が気, 日本、〒105-0004 東京都港区新橋３丁目２１−４ 新橋第2ペリカンビル 1F",,
987,TENPO#0083,本店,富士屋本店日本橋浜町,90.0,【定期清掃】富士屋本店日本橋浜町,,"富士屋本店 日本橋浜町, 日本、〒103-0007 東京都中央区日本橋浜町２丁目２４−２",,
990,TENPO#0057,弐,プラネット　魚焼男 弐,89.8,株式会社オン・ザ・プラネット　魚焼男 弐,,"魚焼男 弐, 日本、〒105-0004 東京都港区新橋３丁目１５−８ 精工ビル B1F",,
991,TENPO#0032,麺と肴　担々麺 ペン坊,麺と肴　担々麺 ペン坊 　青柳社長　  ネズミ駆除,91.6,麺と肴　担々麺 ペン坊 　青柳社長　 定期清掃 ネズミ駆除,,"麺と肴 担々麺 ぺん坊 ラーメン 本所吾妻橋, 日本、〒130-0001 東京都墨田区吾妻橋３丁目６−１５ サンサーラ吾妻橋 105",,
992,TENPO#0082,別館,ニーハオ蒲田　別館,89.6,【定期清掃】ニーハオ蒲田　別館,,ニーハオ蒲田本店,,
993,TENPO#0061,大衆寿司酒場 こがね商店,大衆寿司酒場 こがね商店,100.0,【定期清掃】大衆寿司酒場 こがね商店（日曜定休）,,"大衆寿司酒場 こがね商店, 日本、〒340-0034 埼玉県草加市氷川町２１２４−１４",,
994,TENPO#0014,渋谷店,GOSSO　0秒レモンサワー 仙台ホルモン焼肉酒場 ときわ亭 渋谷店,94.0,【スポット】GOSSO　0秒レモンサワー 仙台ホルモン焼肉酒場 ときわ亭 渋谷店,,〒150-0043 東京都渋谷区道玄坂１丁目５−５ 藤木ビル 2F,,
996,TENPO#0065,THE MARK GRAND HOTEL,The mark grand hotel,100.0,【定期害虫駆除】The mark grand hotel,,"THE MARK GRAND HOTEL, 日本、〒330-0081 埼玉県さいたま市中央区新都心３−２",,
997,TENPO#0057,弐,プラネット　魚焼男 弐,89.8,株式会社オン・ザ・プラネット　魚焼男 弐,,"魚焼男 弐, 日本、〒105-0004 東京都港区新橋３丁目１５−８ 精工ビル B1F",,
998,TENPO#0128,ビストロ エヴォルテ,ビストロ エヴォルテ,100.0,【定期清掃】ビストロ エヴォルテ　（火曜定休）,,"ビストロ エヴォルテ, 日本、〒144-0052 東京都大田区蒲田５丁目２９−１ エクセルピア蒲田３番館 三番館 １F",,
999,TENPO#0010,神田店,神田店終わったら請求書送る,90.6,ニーハオ 神田店,,"ニイハオ 神田店, 日本、〒101-0044 東京都千代田区鍛冶町１丁目６−２ 林ビル B1F",,
1000,TENPO#0010,神田店,神田店終わったら請求書送る,90.6,【定期清掃】ニーハオ 神田店,,"ニイハオ 神田店, 日本、〒101-0044 東京都千代田区鍛冶町１丁目６−２ 林ビル B1F",,
1001,TENPO#0129,米と魚　さかなさま,米と魚　さかなさま,100.0,【定期清掃】米と魚　さかなさま,,"米と魚 さかなさま 日本橋茅場町店, 日本、〒103-0026 東京都中央区日本橋兜町１５−６ 製粉会館ビル 地下1階",,
1003,TENPO#0067,平和台店,麺処いのこ平和台店,89.8,【定期清掃】麺処いのこ平和台店,,"麺処いのこ平和台店, 日本、〒179-0083 東京都練馬区平和台２丁目５２−８",,
1004,TENPO#0063,大衆串焼き酒場こがね,大衆串焼き酒場こがね,100.0,【定期清掃】大衆串焼き酒場こがね（日曜定休）,,大衆串焼き酒場こがね,,
1005,TENPO#0030,蕎麦割烹居酒屋　更科天狐,蕎麦割烹居酒屋　更科天狐〜さらしなてんこ〜,92.0,【定期清掃】蕎麦割烹居酒屋　更科天狐〜さらしなてんこ〜,,蕎麦割烹居酒屋　更科天狐〜さらしなてんこ〜,,
1007,TENPO#0062,大衆焼肉酒場こがね,大衆焼肉酒場 こがね,100.0,【定期清掃】元気ダイニング  大衆焼肉酒場こがね（日曜定休）,,"大衆焼肉酒場 こがね, 日本、〒343-0845 埼玉県越谷市南越谷４丁目７−３",,
1008,TENPO#0083,本店,富士屋本店サクラステージ,90.4,【スポット清掃】富士屋本店サクラステージ,,〒150-0031 東京都渋谷区桜丘町１−４ 渋谷サクラステージSHIBUYAサイドAM114区画〒150-0031 東京都渋谷区桜丘町１−４ 渋谷サクラステージSHIBUYAサイドAM114区画,,
1009,TENPO#0132,atomic BAR,六本木 ATOMIC BAR ゴミ回収,91.2,【定期ゴミ回収】六本木 ATOMIC BAR ゴミ回収,,,,
1010,TENPO#0083,本店,プラネット　魚焼男新橋本店,90.4,【定期清掃】株式会社オン・ザ・プラネット　魚焼男新橋本店,,"大興ビル, 日本、〒105-0004 東京都港区新橋３丁目５ 大興ビル",,
1011,TENPO#0052,錦糸町店,「現場調査」焼肉ここから錦糸町店　株式会社ISSEI ダクト,92.4,「現場調査」焼肉ここから錦糸町店　株式会社ISSEI ダクト清掃,,"日本橋人形町１丁目５−８, 日本、〒103-0013 東京都中央区日本橋人形町１丁目５−８",,
1012,TENPO#0092,上野駅前店,カラオケパセラ上野駅前店,90.4,【定期修繕】カラオケパセラ上野駅前店,,,,
1013,TENPO#0054,トオダ,プラネット　魚無双トオダ,90.2,【定期清掃】株式会社オン・ザ・プラネット　魚無双トオダ,,"魚無双トオダ, 日本、〒105-0004 東京都港区新橋４丁目１５−６",,
1014,TENPO#0080,Mahaloh Import Shop,Mahaloh Import Shop,100.0,【スポット清掃】Mahaloh Import Shop,,"Mahaloh Import Shop, 日本、〒230-0041 神奈川県横浜市鶴見区潮田町３丁目１４２−５",,
1015,TENPO#0092,上野駅前店,カラオケパセラ上野駅前店　修繕なーろん,91.6,カラオケパセラ上野駅前店　修繕なーろん,,,,
1016,TENPO#0010,神田店,神田店終わったら請求書送る,90.6,ニーハオ 神田店,,"ニイハオ 神田店, 日本、〒101-0044 東京都千代田区鍛冶町１丁目６−２ 林ビル B1F",,
1017,TENPO#0047,南口店,H VIEW株式会社　立川酒場 魚丸 南口店,90.8,【定期清掃】H VIEW株式会社　立川酒場 魚丸 南口店,,"立川酒場 魚丸 南口店, 日本、〒190-0023 東京都立川市柴崎町３丁目３−５ ベルフェアー・立川",,
1018,TENPO#0012,新小岩店,株式会社友進中華食堂一番館 新小岩店,90.6,【定期清掃】株式会社友進中華食堂一番館 新小岩店,,"中華食堂 一番館 新小岩店, 日本、〒124-0024 東京都葛飾区新小岩１丁目４２−８",,
1019,TENPO#77f42e59665b,N,モンキーツリー株式会社エデュケーション MONKEY TREE 日本橋店,93.8,【定期清掃】モンキーツリー株式会社エデュケーション MONKEY TREE 日本橋店,,モンキーツリー馬喰町,,
1020,TENPO#0066,赤塚店,いのこ板橋区赤塚店,89.8,【定期清掃】いのこ板橋区赤塚店,,"麺処いのこ 赤塚店, 日本、〒175-0093 東京都板橋区赤塚新町３丁目８−２５",,
1023,TENPO#0014,渋谷店,カラオケパセラ渋谷店　修繕現地調査 @なーろん,92.0,カラオケパセラ渋谷店　修繕現地調査 @なーろん,,,,
1024,TENPO#0030,蕎麦割烹居酒屋　更科天狐,蕎麦割烹居酒屋　更科天狐〜さらしなてんこ〜,92.0,蕎麦割烹居酒屋　更科天狐〜さらしなてんこ〜,,蕎麦割烹居酒屋　更科天狐〜さらしなてんこ〜,,
1025,TENPO#0083,本店,富士屋本店日本橋浜町,90.0,【定期清掃】富士屋本店日本橋浜町,,"富士屋本店 日本橋浜町, 日本、〒103-0007 東京都中央区日本橋浜町２丁目２４−２",,
1026,TENPO#0085,大森店,ニーハオ大森店,89.4,【再清掃定期清掃】ニーハオ大森店,,"ニイハオ 大森店, 日本、〒143-0016 東京都大田区大森北１丁目２−１",,
1027,TENPO#0054,トオダ,プラネット　魚無双トオダ,90.2,【定期清掃】株式会社オン・ザ・プラネット　魚無双トオダ,,"魚無双トオダ, 日本、〒105-0004 東京都港区新橋４丁目１５−６",,
1028,TENPO#0054,トオダ,プラネット　魚無双トオダ,90.2,【定期清掃】株式会社オン・ザ・プラネット　魚無双トオダ,,"魚無双トオダ, 日本、〒105-0004 東京都港区新橋４丁目１５−６",,
1029,TENPO#0058,ニューイブシオ,プラネット　新燻男ニューイブシオ,91.0,【定期清掃】株式会社オン・ザ・プラネット　新燻男ニューイブシオ,,新燻男ニューイブシオ,,
1031,TENPO#0032,麺と肴　担々麺 ペン坊,麺と肴　担々麺 ペン坊 　青柳社長,90.6,【定期清掃】麺と肴　担々麺 ペン坊 　青柳社長,,"麺と肴 担々麺 ぺん坊 ラーメン 本所吾妻橋, 日本、〒130-0001 東京都墨田区吾妻橋３丁目６−１５ サンサーラ吾妻橋 105",,
1032,TENPO#0080,Mahaloh Import Shop,Mahaloh Import Shop,100.0,Mahaloh Import Shop 清掃　梅岡案件清掃,,"Mahaloh Import Shop, 日本、〒230-0041 神奈川県横浜市鶴見区潮田町３丁目１４２−５",,
1033,TENPO#0014,渋谷店,GOSSO　0秒レモンサワー 仙台ホルモン焼肉酒場 ときわ亭 渋谷店,94.0,【定期清掃】GOSSO　0秒レモンサワー 仙台ホルモン焼肉酒場 ときわ亭 渋谷店,,〒150-0043 東京都渋谷区道玄坂１丁目５−５ 藤木ビル 2F,,
1035,TENPO#0132,atomic BAR,六本木 ATOMIC BAR ゴミ回収,91.2,【定期ゴミ回収】六本木 ATOMIC BAR ゴミ回収,,,,
1038,TENPO#0018,西新宿店,デイジイ西新宿店 (DAISY),90.6,パン屋 デイジイ daisy西新宿,,"デイジイ西新宿店 (DAISY), 日本、〒160-0023 東京都新宿区西新宿６丁目１１−３ Dタワー西新宿 １階",,
1039,TENPO#0128,ビストロ エヴォルテ,ビストロ エヴォルテ,100.0,【定期清掃】ビストロ エヴォルテ　（火曜定休）,,"ビストロ エヴォルテ, 日本、〒144-0052 東京都大田区蒲田５丁目２９−１ エクセルピア蒲田３番館 三番館 １F",,
1040,TENPO#77f42e59665b,N,モンキーツリー株式会社エデュケーション MONKEY TREE 日本橋店,93.8,【定期清掃】モンキーツリー株式会社エデュケーション MONKEY TREE 日本橋店,,モンキーツリー馬喰町,,
1041,TENPO#0020,モンキーツリー 店舗未設定,モンキーツリー,89.4,【再清掃】モンキーツリー,,,,
1042,TENPO#0053,新橋店,メティウスフーズ ピッツェリア ドォーロ 新橋店,92.2,【定期清掃】メティウスフーズ ピッツェリア ドォーロ 新橋店,,ピッツェリア ドォーロ 新橋店,,
1043,TENPO#0014,渋谷店,株式会社フォーシーズ クアアイナ 渋谷店,90.8,【スポット清掃】株式会社フォーシーズ クアアイナ 渋谷店,,"KUA`AINA 渋谷宮益坂店, 日本、〒150-0002 東京都渋谷区渋谷１丁目１０−４ メゾン・ド・ユー 1F",,
1044,TENPO#0066,赤塚店,【】いのこ板橋区赤塚店,89.8,(仮)【定期清掃】いのこ板橋区赤塚店,,"麺処いのこ 赤塚店, 日本、〒175-0093 東京都板橋区赤塚新町３丁目８−２５",,
1045,TENPO#0083,本店,プラネット　魚焼男新橋本店,90.4,株式会社オン・ザ・プラネット　魚焼男新橋本店,,"大興ビル, 日本、〒105-0004 東京都港区新橋３丁目５ 大興ビル",,
1046,TENPO#0092,上野駅前店,カラオケパセラ上野駅前店　修繕なーろん,91.6,カラオケパセラ上野駅前店　修繕なーろん,,,,
1047,TENPO#0048,代々木店,武蔵野アブラ学会　代々木店,90.4,【定期清掃】武蔵野アブラ学会　代々木店,,"武蔵野アブラ学会 代々木店, 日本、〒151-0053 東京都渋谷区代々木１丁目５８−７",,
1048,TENPO#0083,本店,プラネット　魚焼男新橋本店,90.4,【定期清掃】株式会社オン・ザ・プラネット　魚焼男新橋本店,,"大興ビル, 日本、〒105-0004 東京都港区新橋３丁目５ 大興ビル",,
1049,TENPO#0010,神田店,デニーロ 神田店,89.4,【定期清掃】デニーロ 神田店,,"デニーロ神田店, 日本、〒101-0054 東京都千代田区神田錦町３丁目１４−３ 神田錦町ビル 1階",,
1050,TENPO#77f42e59665b,N,〒105-0004 東京都港区新橋４丁目１４−１ AUNビル 3階,93.8,【定期清掃】株式会社オン・ザ・プラネット　ホルモンのマンモス,,〒105-0004 東京都港区新橋４丁目１４−１ AUNビル 3階,,
1051,TENPO#0092,上野駅前店,カラオケパセラ上野駅前店　修繕なーろん,91.6,カラオケパセラ上野駅前店　修繕なーろん,,,,
1052,TENPO#0047,南口店,H VIEW株式会社　立川酒場 魚丸 南口店,90.8,【定期清掃】H VIEW株式会社　立川酒場 魚丸 南口店,,"立川酒場 魚丸 南口店, 日本、〒190-0023 東京都立川市柴崎町３丁目３−５ ベルフェアー・立川",,
1054,TENPO#0132,atomic BAR,六本木 ATOMIC BAR ゴミ回収,91.2,【定期ゴミ回収】六本木 ATOMIC BAR ゴミ回収,,,,
1055,TENPO#0060,大衆寿司酒場こがね,大衆寿司酒場こがね,100.0,【定期清掃】大衆寿司酒場こがね（日曜定休）,,"大衆寿司酒場こがね, 日本、〒343-0845 埼玉県越谷市南越谷１丁目２６−９",,
1057,TENPO#77f42e59665b,N,〒105-0004 東京都港区新橋４丁目１４−１ AUNビル B1F,94.0,【定期清掃】株式会社オン・ザ・プラネット　ニューサカナヤキオ,,"〒105-0004 東京都港区新橋４丁目１４−１ AUNビル B1F,1F",,
1058,TENPO#0018,西新宿店,デイジイ西新宿店 (DAISY),90.6,【定期清掃】パン屋 デイジイ西新宿,,"デイジイ西新宿店 (DAISY), 日本、〒160-0023 東京都新宿区西新宿６丁目１１−３ Dタワー西新宿 １階",,
1059,TENPO#0083,本店,株式会社ダイニングエッジ　楽が気　新橋本店,91.0,【定期清掃】株式会社ダイニングエッジ　楽が気　新橋本店,,"楽が気, 日本、〒105-0004 東京都港区新橋３丁目２１−４ 新橋第2ペリカンビル 1F",,
1060,TENPO#0012,新小岩店,株式会社友進中華食堂一番館 新小岩店,90.6,【定期清掃】株式会社友進中華食堂一番館 新小岩店,,"中華食堂 一番館 新小岩店, 日本、〒124-0024 東京都葛飾区新小岩１丁目４２−８",,
1061,TENPO#0031,鮨 輝らく,輝らく,88.6,【定期清掃】飯田橋 輝らく　定休日(火・水曜日),,"輝らく, 日本、〒162-0825 東京都新宿区神楽坂３丁目１ クレール神楽坂３",,
1062,TENPO#0053,新橋店,プラネット　魚豪商 コダマ新橋店,90.8,【定期清掃】株式会社オン・ザ・プラネット　魚豪商 コダマ新橋店,,"魚豪商 コダマ, 日本、〒105-0004 東京都港区新橋４丁目１９−１０ タカソビル 1F A",,
1064,TENPO#0061,大衆寿司酒場 こがね商店,大衆寿司酒場 こがね商店,100.0,【定期清掃】大衆寿司酒場 こがね商店（日曜定休）,,"大衆寿司酒場 こがね商店, 日本、〒340-0034 埼玉県草加市氷川町２１２４−１４",,
1065,TENPO#0061,大衆寿司酒場 こがね商店,大衆寿司酒場 こがね商店,100.0,【定期清掃】大衆寿司酒場 こがね商店（日曜定休）,,"大衆寿司酒場 こがね商店, 日本、〒340-0034 埼玉県草加市氷川町２１２４−１４",,
1067,TENPO#0030,蕎麦割烹居酒屋　更科天狐,蕎麦割烹居酒屋　更科天狐〜さらしなてんこ〜,92.0,蕎麦割烹居酒屋　更科天狐〜さらしなてんこ〜,,蕎麦割烹居酒屋　更科天狐〜さらしなてんこ〜,,
1069,TENPO#0030,蕎麦割烹居酒屋　更科天狐,蕎麦割烹居酒屋　更科天狐〜さらしなてんこ〜,92.0,【定期清掃】蕎麦割烹居酒屋　更科天狐〜さらしなてんこ〜,,蕎麦割烹居酒屋　更科天狐〜さらしなてんこ〜,,
1070,TENPO#0018,西新宿店,デイジイ西新宿店 (DAISY),90.6,【定期清掃】パン屋 デイジイ西新宿,,"デイジイ西新宿店 (DAISY), 日本、〒160-0023 東京都新宿区西新宿６丁目１１−３ Dタワー西新宿 １階",,
1071,TENPO#0010,神田店,神田店終わったら請求書送る,90.6,【定期清掃】ニーハオ 神田店,,"ニイハオ 神田店, 日本、〒101-0044 東京都千代田区鍛冶町１丁目６−２ 林ビル B1F",,
1072,TENPO#0053,新橋店,プラネット　魚豪商 コダマ新橋店,90.8,【定期清掃】株式会社オン・ザ・プラネット　魚豪商 コダマ新橋店,,"魚豪商 コダマ, 日本、〒105-0004 東京都港区新橋４丁目１９−１０ タカソビル 1F A",,
1073,TENPO#0057,弐,プラネット　魚焼男 弐,89.8,【定期清掃】株式会社オン・ザ・プラネット　魚焼男 弐,,"魚焼男 弐, 日本、〒105-0004 東京都港区新橋３丁目１５−８ 精工ビル B1F",,
1074,TENPO#0055,マンモス,プラネット　焼肉男マンモス,90.4,【再清掃】株式会社オン・ザ・プラネット　焼肉男マンモス,,"桜井ビル, 日本、〒105-0004 東京都港区新橋３丁目１９−４ 桜井ビル",,
1075,TENPO#77f42e59665b,N,〒105-0004 東京都港区新橋４丁目１４−１ AUNビル B1F,94.0,【定期清掃】株式会社オン・ザ・プラネット　ニューサカナヤキオ,,"〒105-0004 東京都港区新橋４丁目１４−１ AUNビル B1F,1F",,
1079,TENPO#0043,新宿店,メティウスフーズ PASTA of LIFE 新宿店,92.4,【定期清掃】メティウスフーズ PASTA of LIFE 新宿店,,,,https://maps.app.goo.gl/SYdUTgJVW12hWZPG6?g_st=ipc
1085,TENPO#0128,ビストロ エヴォルテ,ビストロ エヴォルテ,100.0,【定期清掃】ビストロ エヴォルテ,,"ビストロ エヴォルテ, 日本、〒144-0052 東京都大田区蒲田５丁目２９−１ エクセルピア蒲田３番館 三番館 １F",,
1086,TENPO#77f42e59665b,N,株式会社Joynary,89.4,石野悠介/株式会社Joynary/お打ち合わせ,,,,
1088,TENPO#0031,鮨 輝らく,輝らく,88.6,【定期清掃】飯田橋 輝らく　定休日(火・水曜日),,"輝らく, 日本、〒162-0825 東京都新宿区神楽坂３丁目１ クレール神楽坂３",,
1089,TENPO#0061,大衆寿司酒場 こがね商店,大衆寿司酒場 こがね商店,100.0,【再清掃】大衆寿司酒場 こがね商店（日曜定休）,,"大衆寿司酒場 こがね商店, 日本、〒340-0034 埼玉県草加市氷川町２１２４−１４",,
1091,TENPO#0083,本店,旭鮨總本店株式会社,89.0,【本社】旭鮨總本店株式会社,,東京都世田谷区赤堤4-45-2,,
1092,TENPO#0003,西谷店,株式会社マエザワフーズ　神奈川回転寿司ぐるめ亭 西谷店,92.2,【初回清掃/関係構築】株式会社マエザワフーズ　神奈川回転寿司ぐるめ亭 西谷店,,"神奈川回転寿司ぐるめ亭 西谷店, 日本、〒241-0012 神奈川県横浜市旭区西川島町１−１０",,
1093,TENPO#0031,鮨 輝らく,輝らく,88.6,【定期清掃】飯田橋 輝らく　定休日(火・水曜日),,"輝らく, 日本、〒162-0825 東京都新宿区神楽坂３丁目１ クレール神楽坂３",,
1095,TENPO#0064,竹祥,テイクユー　貝出汁中華そば 竹祥,90.8,【定期清掃】テイクユー　貝出汁中華そば 竹祥,,貝出汁中華そば竹祥,,
1096,TENPO#0043,新宿店,メティウスフーズ PASTA of LIFE 新宿店,92.4,【定期清掃】メティウスフーズ PASTA of LIFE 新宿店,,,,https://maps.app.goo.gl/SYdUTgJVW12hWZPG6?g_st=ipc
1097,TENPO#0083,本店,株式会社ダイニングエッジ　楽が気　新橋本店,91.0,【定期清掃】株式会社ダイニングエッジ　楽が気　新橋本店,,"楽が気, 日本、〒105-0004 東京都港区新橋３丁目２１−４ 新橋第2ペリカンビル 1F",,
1099,TENPO#0066,赤塚店,【】いのこ板橋区赤塚店,89.8,(仮)【定期清掃】いのこ板橋区赤塚店,,"麺処いのこ 赤塚店, 日本、〒175-0093 東京都板橋区赤塚新町３丁目８−２５",,
1102,TENPO#0048,代々木店,武蔵野アブラ学会　代々木店,90.4,武蔵野アブラ学会　代々木店,,"武蔵野アブラ学会 代々木店, 日本、〒151-0053 東京都渋谷区代々木１丁目５８−７",,
1103,TENPO#0063,大衆串焼き酒場こがね,大衆串焼き酒場こがね,100.0,【定期清掃】大衆串焼き酒場こがね　初回清掃（日曜定休）,,大衆串焼き酒場こがね,,
1104,TENPO#0014,渋谷店,株式会社フォーシーズ クアアイナ 渋谷店,90.8,【スポット清掃】株式会社フォーシーズ クアアイナ 渋谷店,,"KUA`AINA 渋谷宮益坂店, 日本、〒150-0002 東京都渋谷区渋谷１丁目１０−４ メゾン・ド・ユー 1F",,
1105,TENPO#0032,麺と肴　担々麺 ペン坊,麺と肴　担々麺 ペン坊 　青柳社長,90.6,【定期清掃】麺と肴　担々麺 ペン坊 　青柳社長,,"麺と肴 担々麺 ぺん坊 ラーメン 本所吾妻橋, 日本、〒130-0001 東京都墨田区吾妻橋３丁目６−１５ サンサーラ吾妻橋 105",,
1106,TENPO#0062,大衆焼肉酒場こがね,大衆焼肉酒場 こがね,100.0,【定期清掃】元気ダイニング  大衆焼肉酒場こがね（日曜定休）,,"大衆焼肉酒場 こがね, 日本、〒343-0845 埼玉県越谷市南越谷４丁目７−３",,
1108,TENPO#0084,大井町店,ニーハオ大井町店,89.6,ニーハオ大井町店,,"你好 大井町, 日本、〒140-0011 東京都品川区東大井５丁目１７−４ 高山ビル B1",,
1109,TENPO#0053,新橋店,プラネット　魚豪商 コダマ新橋店,90.8,株式会社オン・ザ・プラネット　魚豪商 コダマ新橋店,,"魚豪商 コダマ, 日本、〒105-0004 東京都港区新橋４丁目１９−１０ タカソビル 1F A",,
1110,TENPO#0066,赤塚店,『スポット』いのこ赤塚店,90.0,『スポット』いのこ赤塚店,,,,
1111,TENPO#77f42e59665b,N,株式会社SPAN　小林様 x 正田和輝プライベート: ３０分　お打ち合わせ,93.4,株式会社SPAN　小林様 x 正田和輝プライベート: ３０分　お打ち合わせ,,"lulubyからの紹介案件<br><br>4 株式会社SPAN ""燻製キッチン大井町<br> 燻製キッチン五反田<br>nakameguro 燻製 apartment"" 東京都品川区 <a href=""https://span-co.jp/shop/"">https://span-co.jp/shop/</a> 飲食店・売店 4/7(月) 4/15(火) 16:00～16:30 ミセサポ様人格 森田 小林 エリアマネージャー エリアマネージャー kobayashi@span-co.jp ""03-5725-8391<br>090-1022-2147"" 11 Zoom ""<a href=""https://us06web.zoom.us/j/5596229146?pwd=138l5aduDb8JNtQQGcmARn5fG28aKn.1"">https://us06web.zoom.us/j/5596229146?pwd=138l5aduDb8JNtQQGcmARn5fG28aKn.1</a><br>ミーティング ID: 559 622 9146<br>パスコード: 1222"" ""・外注業者：定期的に出してるところはない。（都度都度壊れたら依頼を出してる形）<br>・課題感：<br>　グリストの奥の配管など、見えないところに油が詰まった、<br>　という事象がたびたび発生し、その対応が難しいので、対応してほしい<br><br>・架電時の対面の印象<br>　・落ち着いている方<br><br>９店舗で１、２回詰まってしまった、１〜2週１回、見えない配管<br>フィルターやグリストラップの清掃は自分たちでできる。<br><br>三元茶屋でグリストラップが先月詰まった。<br>オーナーに相談してからになる<br><br>五反田、恵比寿の店舗は地下だから、排水ポンプであげている、たまに追いついてない。<br>本社が自宅兼事務所　800＊400 <br>恵比寿はグリストラップ2台ある。　基本車道から遠い。<br><br>高圧洗浄を買って、ケルヒャーをやってみようと思うが、できなければ業者に頼む予定。（7月にリマインド）"" 森田 TEL実施済 2025/4/11    提案中   ""状況確認<br>←すぐすぐに検討が進むような状況ではない<br>何かない限り現状維持で落ち着くとのこと<br>本社へ訪問アポ組めないか<br>12/2　社長の付き合いの内装屋を導入するとのことで、他業者は導入しないとのこと"" 当社（lullaby",,
1112,TENPO#0082,別館,ニーハオ蒲田　別館,89.6,【定期清掃】ニーハオ蒲田　別館,,ニーハオ蒲田本店,,
1113,TENPO#0053,新橋店,メティウスフーズ ピッツェリア ドォーロ 新橋店,92.2,【定期清掃】メティウスフーズ ピッツェリア ドォーロ 新橋店,,ピッツェリア ドォーロ 新橋店,,
1115,TENPO#0018,西新宿店,デイジイ西新宿店 (DAISY),90.6,パン屋 デイジイ daisy西新宿,,"デイジイ西新宿店 (DAISY), 日本、〒160-0023 東京都新宿区西新宿６丁目１１−３ Dタワー西新宿 １階",,
1117,TENPO#0030,蕎麦割烹居酒屋　更科天狐,蕎麦割烹居酒屋　更科天狐〜さらしなてんこ〜,92.0,【定期清掃】蕎麦割烹居酒屋　更科天狐〜さらしなてんこ〜,,蕎麦割烹居酒屋　更科天狐〜さらしなてんこ〜,,
1119,TENPO#0042,麹町店,株式会社メティウスフーズ ピッツェリアドォーロ麹町店,92.2,株式会社メティウスフーズ ピッツェリアドォーロ麹町店,,"ピッツェリア ドォーロ 麹町店, 日本、〒102-0083 東京都千代田区麹町４丁目３−１０ 小倉ビル 1F",,
1120,TENPO#0132,atomic BAR,六本木 ATOMIC BAR ゴミ回収,91.2,【定期ゴミ回収】六本木 ATOMIC BAR ゴミ回収,,,,
1122,TENPO#0085,大森店,ニーハオ大森店,89.4,【定期清掃】ニーハオ大森店,,"ニイハオ 大森店, 日本、〒143-0016 東京都大田区大森北１丁目２−１",,
1123,TENPO#0060,大衆寿司酒場こがね,大衆寿司酒場こがね,100.0,【再清掃】大衆寿司酒場こがね（日曜定休）,,"大衆寿司酒場こがね, 日本、〒343-0845 埼玉県越谷市南越谷１丁目２６−９",,
1124,TENPO#0014,渋谷店,カラオケパセラ渋谷店,90.0,【定期修繕】カラオケパセラ渋谷店,,,,
1126,TENPO#0128,ビストロ エヴォルテ,ビストロ エヴォルテ,100.0,【定期清掃】ビストロ エヴォルテ　（火曜定休）,,"ビストロ エヴォルテ, 日本、〒144-0052 東京都大田区蒲田５丁目２９−１ エクセルピア蒲田３番館 三番館 １F",,
1127,TENPO#0062,大衆焼肉酒場こがね,大衆焼肉酒場 こがね,100.0,【定期清掃】元気ダイニング  大衆焼肉酒場こがね（日曜定休）,,"大衆焼肉酒場 こがね, 日本、〒343-0845 埼玉県越谷市南越谷４丁目７−３",,
1128,TENPO#0053,新橋店,仮「現場調査」焼肉ここから新橋店　株式会社ISSEI ダクト,92.4,仮「現場調査」焼肉ここから新橋店　株式会社ISSEI ダクト清掃,,"ＮＳプラザ 新橋, 日本、〒105-0004 東京都港区新橋２丁目８−１５",,
1129,TENPO#0065,THE MARK GRAND HOTEL,The mark grand hotel,100.0,【定期害虫駆除】The mark grand hotel,,"THE MARK GRAND HOTEL, 日本、〒330-0081 埼玉県さいたま市中央区新都心３−２",,
1130,TENPO#0065,THE MARK GRAND HOTEL,THE MARK GRAND HOTEL,100.0,The mark grand hotel 害虫駆除,,"THE MARK GRAND HOTEL, 日本、〒330-0081 埼玉県さいたま市中央区新都心３−２",,
1133,TENPO#0054,トオダ,プラネット　魚無双トオダ,90.2,【定期清掃】株式会社オン・ザ・プラネット　魚無双トオダ,,"魚無双トオダ, 日本、〒105-0004 東京都港区新橋４丁目１５−６",,
1135,TENPO#0063,大衆串焼き酒場こがね,大衆串焼き酒場こがね,100.0,【定期清掃】大衆串焼き酒場こがね（日曜定休）,,大衆串焼き酒場こがね,,
1136,TENPO#0083,本店,株式会社ダイニングエッジ　楽が気　新橋本店,91.0,【定期清掃】株式会社ダイニングエッジ　楽が気　新橋本店,,"楽が気, 日本、〒105-0004 東京都港区新橋３丁目２１−４ 新橋第2ペリカンビル 1F",,
1137,TENPO#0061,大衆寿司酒場 こがね商店,大衆寿司酒場 こがね商店,100.0,【定期清掃】大衆寿司酒場 こがね商店（日曜定休）,,"大衆寿司酒場 こがね商店, 日本、〒340-0034 埼玉県草加市氷川町２１２４−１４",,
1140,TENPO#0018,西新宿店,デイジイ西新宿店 (DAISY),90.6,【定期清掃】パン屋 デイジイ西新宿,,"デイジイ西新宿店 (DAISY), 日本、〒160-0023 東京都新宿区西新宿６丁目１１−３ Dタワー西新宿 １階",,
1142,TENPO#0065,THE MARK GRAND HOTEL,THE MARK GRAND HOTEL,100.0,【定期清掃】株)plan・do・see  The mark grand hotel,,"THE MARK GRAND HOTEL, 日本、〒330-0081 埼玉県さいたま市中央区新都心３−２",,
1143,TENPO#0038,青山店,株式会社フォーシーズ クアアイナ 青山店,90.8,【スポット清掃】株式会社フォーシーズ クアアイナ 青山店,,"KUA`AINA 青山本店, 日本、〒107-0062 東京都港区南青山５丁目１０−２１",,
1145,TENPO#0128,ビストロ エヴォルテ,ビストロ エヴォルテ,100.0,【定期清掃】ビストロ エヴォルテ,,"ビストロ エヴォルテ, 日本、〒144-0052 東京都大田区蒲田５丁目２９−１ エクセルピア蒲田３番館 三番館 １F",,
1147,TENPO#0113,工場,ニーハオ蒲田　工場,89.6,【定期清掃】ニーハオ蒲田　工場,,"你好(ニーハオ)大飯店, 日本、〒144-0052 東京都大田区蒲田４丁目３６−８ プランドール",,
1148,TENPO#0010,神田店,ニーハオ 神田店,89.4,【スポット清掃】ニーハオ 神田店,,"ニイハオ 神田店, 日本、〒101-0044 東京都千代田区鍛冶町１丁目６−２ 林ビル B1F",,
1150,TENPO#0054,トオダ,プラネット　魚無双トオダ,90.2,【定期清掃】株式会社オン・ザ・プラネット　魚無双トオダ,,"魚無双トオダ, 日本、〒105-0004 東京都港区新橋４丁目１５−６",,
1155,TENPO#0083,本店,富士屋本店日本橋浜町,90.0,【定期清掃】富士屋本店日本橋浜町,,"富士屋本店 日本橋浜町, 日本、〒103-0007 東京都中央区日本橋浜町２丁目２４−２",,
1156,TENPO#0012,新小岩店,株式会社友進中華食堂一番館 新小岩店,90.6,【定期清掃】株式会社友進中華食堂一番館 新小岩店,,"中華食堂 一番館 新小岩店, 日本、〒124-0024 東京都葛飾区新小岩１丁目４２−８",,
1157,TENPO#0092,上野駅前店,カラオケパセラ上野駅前店,90.4,【定期修繕】カラオケパセラ上野駅前店,,,,
1158,TENPO#0067,平和台店,麺処いのこ平和台店,89.8,【定期清掃】麺処いのこ平和台店,,"麺処いのこ平和台店, 日本、〒179-0083 東京都練馬区平和台２丁目５２−８",,
1159,TENPO#0084,大井町店,ニーハオ大井町店,89.6,【定期清掃】ニーハオ大井町店,,"你好 大井町, 日本、〒140-0011 東京都品川区東大井５丁目１７−４ 高山ビル B1",,
1160,TENPO#0010,神田店,デニーロ 神田店,89.4,【定期清掃】デニーロ 神田店,,"デニーロ神田店, 日本、〒101-0054 東京都千代田区神田錦町３丁目１４−３ 神田錦町ビル 1階",,
1162,TENPO#0012,新小岩店,株式会社友進中華食堂一番館 新小岩店　初回,91.0,【定期清掃】株式会社友進中華食堂一番館 新小岩店　初回,,"中華食堂 一番館 新小岩店, 日本、〒124-0024 東京都葛飾区新小岩１丁目４２−８",,
1163,TENPO#0129,米と魚　さかなさま,米と魚　さかなさま,100.0,【定期清掃】米と魚　さかなさま　定期清掃/ゴミ回収,,"米と魚 さかなさま 日本橋茅場町店, 日本、〒103-0026 東京都中央区日本橋兜町１５−６ 製粉会館ビル 地下1階",,
1164,TENPO#0083,本店,プラネット　魚焼男新橋本店,90.4,【定期清掃】株式会社オン・ザ・プラネット　魚焼男新橋本店,,"大興ビル, 日本、〒105-0004 東京都港区新橋３丁目５ 大興ビル",,
1165,TENPO#0053,新橋店,プラネット　魚豪商 コダマ新橋店,90.8,【定期清掃】株式会社オン・ザ・プラネット　魚豪商 コダマ新橋店,,"魚豪商 コダマ, 日本、〒105-0004 東京都港区新橋４丁目１９−１０ タカソビル 1F A",,
1166,TENPO#0010,神田店,デニーロ神田店,89.4,デニーロ 今村　定期清掃,,"デニーロ神田店, 日本、〒101-0054 東京都千代田区神田錦町３丁目１４−３ 神田錦町ビル 1階",,
1167,TENPO#0018,西新宿店,デイジイ西新宿店 (DAISY),90.6,【定期清掃】パン屋 デイジイ西新宿,,"デイジイ西新宿店 (DAISY), 日本、〒160-0023 東京都新宿区西新宿６丁目１１−３ Dタワー西新宿 １階",,
1170,TENPO#0080,Mahaloh Import Shop,Mahaloh Import Shop,100.0,Mahaloh Import Shop 清掃　梅岡案件清掃,,"Mahaloh Import Shop, 日本、〒230-0041 神奈川県横浜市鶴見区潮田町３丁目１４２−５",,
1171,TENPO#77f42e59665b,N,モンキーツリー株式会社エデュケーション MONKEY TREE 日本橋店,93.8,【定期清掃】モンキーツリー株式会社エデュケーション MONKEY TREE 日本橋店,,モンキーツリー馬喰町,,
1173,TENPO#0031,鮨 輝らく,輝らく,88.6,【定期清掃】飯田橋 輝らく　定休日(火・水曜日),,"輝らく, 日本、〒162-0825 東京都新宿区神楽坂３丁目１ クレール神楽坂３",,
1174,TENPO#77f42e59665b,N,Namai休み,89.4,Namai休み,,,,
1176,TENPO#77f42e59665b,N,Karubiitcho Numazuten,92.0,現調沼津　梅岡,,"Karubiitcho Numazuten, 8-56 Takashimahonchō, Numazu, Shizuoka 410-0055, Japão",,
1177,TENPO#0083,本店,富士屋本店日本橋浜町,90.0,【定期清掃】富士屋本店日本橋浜町,,"富士屋本店 日本橋浜町, 日本、〒103-0007 東京都中央区日本橋浜町２丁目２４−２",,
1181,TENPO#0084,大井町店,ニーハオ大井町店,89.6,【定期清掃】ニーハオ大井町店,,"你好 大井町, 日本、〒140-0011 東京都品川区東大井５丁目１７−４ 高山ビル B1",,
1184,TENPO#0083,本店,中国家庭料理 你好 本店,90.0,【定期清掃】ニーハオ蒲田本店,,"中国家庭料理 你好 本店, 日本、〒144-0052 東京都大田区蒲田４丁目２４−１４",,
1185,TENPO#77f42e59665b,N,〒105-0004 東京都港区新橋４丁目１４−１ AUNビル B1F,94.0,【定期清掃】株式会社オン・ザ・プラネット　ニューサカナヤキオ,,"〒105-0004 東京都港区新橋４丁目１４−１ AUNビル B1F,1F",,
1186,TENPO#0083,本店,株式会社ダイニングエッジ　楽が気　新橋本店,91.0,【定期清掃】株式会社ダイニングエッジ　楽が気　新橋本店,,"楽が気, 日本、〒105-0004 東京都港区新橋３丁目２１−４ 新橋第2ペリカンビル 1F",,
1187,TENPO#0133,赤坂店,株式会社東神　かおたん赤坂店,89.8,【定期清掃】株式会社東神　かおたん赤坂店,,,,
1190,TENPO#0036,ルミネ立川,仮【】株式会社東亜フードサービス　韓美膳ルミネ立川店,91.8,仮【スポット清掃】株式会社東亜フードサービス　韓美膳ルミネ立川店,,,,
1191,TENPO#0058,ニューイブシオ,プラネット　新燻男ニューイブシオ,91.0,【定期清掃】株式会社オン・ザ・プラネット　新燻男ニューイブシオ,,新燻男ニューイブシオ,,
1194,TENPO#0066,赤塚店,いのこ板橋区赤塚店,89.8,【定期清掃】いのこ板橋区赤塚店,,"麺処いのこ 赤塚店, 日本、〒175-0093 東京都板橋区赤塚新町３丁目８−２５",,
1197,TENPO#0031,鮨 輝らく,輝らく,88.6,【定期清掃】飯田橋 輝らく　定休日(火・水曜日),,"輝らく, 日本、〒162-0825 東京都新宿区神楽坂３丁目１ クレール神楽坂３",,
1200,TENPO#0065,THE MARK GRAND HOTEL,The mark grand hotel,100.0,【定期害虫駆除】The mark grand hotel,,"THE MARK GRAND HOTEL, 日本、〒330-0081 埼玉県さいたま市中央区新都心３−２",,
1201,TENPO#0030,蕎麦割烹居酒屋　更科天狐,蕎麦割烹居酒屋　更科天狐〜さらしなてんこ〜,92.0,蕎麦割烹居酒屋　更科天狐〜さらしなてんこ〜,,蕎麦割烹居酒屋　更科天狐〜さらしなてんこ〜,,
1202,TENPO#0066,赤塚店,仮【】いのこ板橋区赤塚店,90.0,仮【定期清掃】いのこ板橋区赤塚店,,"麺処いのこ 赤塚店, 日本、〒175-0093 東京都板橋区赤塚新町３丁目８−２５",,
1204,TENPO#0047,南口店,H VIEW株式会社　立川酒場 魚丸 南口店,90.8,【定期清掃】H VIEW株式会社　立川酒場 魚丸 南口店,,"立川酒場 魚丸 南口店, 日本、〒190-0023 東京都立川市柴崎町３丁目３−５ ベルフェアー・立川",,
1205,TENPO#0066,赤塚店,いのこ板橋区赤塚店,89.8,【スポット清掃】いのこ板橋区赤塚店,,"麺処いのこ 赤塚店, 日本、〒175-0093 東京都板橋区赤塚新町３丁目８−２５",,
1207,TENPO#0043,新宿店,メティウスフーズ PASTA of LIFE 新宿店　初回,92.8,【定期清掃】メティウスフーズ PASTA of LIFE 新宿店　初回,,,,https://maps.app.goo.gl/SYdUTgJVW12hWZPG6?g_st=ipc
1208,TENPO#0018,西新宿店,デイジイ西新宿店 (DAISY),90.6,パン屋 デイジイ daisy西新宿,,"デイジイ西新宿店 (DAISY), 日本、〒160-0023 東京都新宿区西新宿６丁目１１−３ Dタワー西新宿 １階",,
1211,TENPO#0129,米と魚　さかなさま,米と魚　さかなさま,100.0,米と魚　さかなさま　定期清掃/ゴミ回収,,"米と魚 さかなさま 日本橋茅場町店, 日本、〒103-0026 東京都中央区日本橋兜町１５−６ 製粉会館ビル 地下1階",,
1213,TENPO#0092,上野駅前店,カラオケパセラ上野駅前店,90.4,【定期修繕】カラオケパセラ上野駅前店,,,,
1214,TENPO#0018,西新宿店,デイジイ西新宿店 (DAISY),90.6,パン屋 デイジイ daisy西新宿,,"デイジイ西新宿店 (DAISY), 日本、〒160-0023 東京都新宿区西新宿６丁目１１−３ Dタワー西新宿 １階",,
1217,TENPO#0083,本店,中国家庭料理 你好 本店,90.0,【定期清掃】ニーハオ蒲田本店,,"中国家庭料理 你好 本店, 日本、〒144-0052 東京都大田区蒲田４丁目２４−１４",,
1218,TENPO#0067,平和台店,麺処いのこ平和台店,89.8,【定期清掃】麺処いのこ平和台店,,"麺処いのこ平和台店, 日本、〒179-0083 東京都練馬区平和台２丁目５２−８",,
1219,TENPO#0084,大井町店,ニーハオ大井町店,89.6,【定期清掃】ニーハオ大井町店,,"你好 大井町, 日本、〒140-0011 東京都品川区東大井５丁目１７−４ 高山ビル B1",,
1220,TENPO#0014,渋谷店,GOSSO　0秒レモンサワー 仙台ホルモン焼肉酒場 ときわ亭 渋谷店,94.0,【定期清掃】GOSSO　0秒レモンサワー 仙台ホルモン焼肉酒場 ときわ亭 渋谷店,,〒150-0043 東京都渋谷区道玄坂１丁目５−５ 藤木ビル 2F,,
1222,TENPO#0082,別館,ニーハオ蒲田　別館,89.6,【定期清掃】ニーハオ蒲田　別館,,ニーハオ蒲田本店,,
1224,TENPO#0014,渋谷店,GOSSO　0秒レモンサワー 仙台ホルモン焼肉酒場 ときわ亭 渋谷店,94.0,【定期清掃】GOSSO　0秒レモンサワー 仙台ホルモン焼肉酒場 ときわ亭 渋谷店,,〒150-0043 東京都渋谷区道玄坂１丁目５−５ 藤木ビル 2F,,
1226,TENPO#0083,本店,プラネット　魚焼男新橋本店,90.4,【定期清掃】株式会社オン・ザ・プラネット　魚焼男新橋本店,,"大興ビル, 日本、〒105-0004 東京都港区新橋３丁目５ 大興ビル",,
1227,TENPO#0054,トオダ,プラネット　魚無双トオダ,90.2,【定期清掃】株式会社オン・ザ・プラネット　魚無双トオダ,,"魚無双トオダ, 日本、〒105-0004 東京都港区新橋４丁目１５−６",,
1229,TENPO#0032,麺と肴　担々麺 ペン坊,麺と肴　担々麺 ペン坊 　青柳社長,90.6,【定期清掃】麺と肴　担々麺 ペン坊 　青柳社長,,"麺と肴 担々麺 ぺん坊 ラーメン 本所吾妻橋, 日本、〒130-0001 東京都墨田区吾妻橋３丁目６−１５ サンサーラ吾妻橋 105",,
1230,TENPO#0132,atomic BAR,六本木 ATOMIC BAR ゴミ回収,91.2,【定期ゴミ回収】六本木 ATOMIC BAR ゴミ回収,,,,
1231,TENPO#0030,蕎麦割烹居酒屋　更科天狐,蕎麦割烹居酒屋　更科天狐〜さらしなてんこ〜,92.0,【定期清掃】蕎麦割烹居酒屋　更科天狐〜さらしなてんこ〜,,蕎麦割烹居酒屋　更科天狐〜さらしなてんこ〜,,
1232,TENPO#0083,本店,株式会社ダイニングエッジ　楽が気　新橋本店,91.0,【スポット】株式会社ダイニングエッジ　楽が気　新橋本店,,"楽が気, 日本、〒105-0004 東京都港区新橋３丁目２１−４ 新橋第2ペリカンビル 1F",,
1233,TENPO#0139,日本橋玉ゐ本店,日本橋玉ゐ本店,100.0,【店舗】株式会社バレンタインブルーコーポレーション,,"日本橋玉ゐ本店, 日本、〒103-0027 東京都中央区日本橋２丁目９−９",,
1235,TENPO#0083,本店,富士屋本店日本橋浜町,90.0,【定期清掃】富士屋本店日本橋浜町,,"富士屋本店 日本橋浜町, 日本、〒103-0007 東京都中央区日本橋浜町２丁目２４−２",,
1236,TENPO#0064,竹祥,テイクユー　貝出汁中華そば 竹祥,90.8,【定期清掃】テイクユー　貝出汁中華そば 竹祥,,貝出汁中華そば竹祥,,
1238,TENPO#0065,THE MARK GRAND HOTEL,The mark grand hotel,100.0,【定期害虫駆除】The mark grand hotel,,"THE MARK GRAND HOTEL, 日本、〒330-0081 埼玉県さいたま市中央区新都心３−２",,
1239,TENPO#77f42e59665b,N,訪問ご挨拶_株式会社FIVE SENSES,91.0,訪問ご挨拶_株式会社FIVE SENSES、 12月18日(木)12:00 – 13:00,,東京都台東区上野7-3-2 TSDビル5F,,
1241,TENPO#77f42e59665b,N,モンキーツリー株式会社エデュケーション MONKEY TREE 日本橋店,93.8,【定期清掃】モンキーツリー株式会社エデュケーション MONKEY TREE 日本橋店,,モンキーツリー馬喰町,,
1243,TENPO#77f42e59665b,N,Namai休み,89.4,Namai休み,,,,
1244,TENPO#0058,ニューイブシオ,ニューイブシオ　粗大ゴミ回収,90.6,ニューイブシオ　粗大ゴミ回収,,,,
1245,TENPO#0083,本店,アガリコオリエンタルビストロ 池袋本店,91.6,株式会社BigBelly,,"アガリコオリエンタルビストロ 池袋本店, 日本、〒171-0014 東京都豊島区池袋２丁目１０−６ 1F",,
1248,TENPO#0085,大森店,ニーハオ大森店,89.4,【定期清掃】ニーハオ大森店,,"ニイハオ 大森店, 日本、〒143-0016 東京都大田区大森北１丁目２−１",,
1249,TENPO#0053,新橋店,プラネット　魚豪商 コダマ新橋店,90.8,【定期清掃】株式会社オン・ザ・プラネット　魚豪商 コダマ新橋店,,"魚豪商 コダマ, 日本、〒105-0004 東京都港区新橋４丁目１９−１０ タカソビル 1F A",,
1252,TENPO#0010,神田店,神田店終わったら請求書送る,90.6,【定期清掃】ニーハオ 神田店,,"ニイハオ 神田店, 日本、〒101-0044 東京都千代田区鍛冶町１丁目６−２ 林ビル B1F",,
1258,TENPO#0083,本店,プラネット　魚焼男新橋本店,90.4,【定期清掃】株式会社オン・ザ・プラネット　魚焼男新橋本店,,"大興ビル, 日本、〒105-0004 東京都港区新橋３丁目５ 大興ビル",,
1259,TENPO#0010,神田店,デニーロ 神田店,89.4,【定期清掃】デニーロ 神田店,,"デニーロ神田店, 日本、〒101-0054 東京都千代田区神田錦町３丁目１４−３ 神田錦町ビル 1階",,
1261,TENPO#0083,本店,富士屋本店日本橋浜町,90.0,【定期清掃】富士屋本店日本橋浜町,,"富士屋本店 日本橋浜町, 日本、〒103-0007 東京都中央区日本橋浜町２丁目２４−２",,
1262,TENPO#0062,大衆焼肉酒場こがね,大衆焼肉酒場 こがね,100.0,【定期清掃】元気ダイニング  大衆焼肉酒場こがね（日曜定休）,,"大衆焼肉酒場 こがね, 日本、〒343-0845 埼玉県越谷市南越谷４丁目７−３",,
1263,TENPO#0053,新橋店,メティウスフーズ ピッツェリア ドォーロ 新橋店　初回,92.6,【定期清掃】メティウスフーズ ピッツェリア ドォーロ 新橋店　初回清掃,,ピッツェリア ドォーロ 新橋店,,
1268,TENPO#0080,Mahaloh Import Shop,Mahaloh Import Shop,100.0,【定期清掃】Mahaloh Import Shop,,"Mahaloh Import Shop, 日本、〒230-0041 神奈川県横浜市鶴見区潮田町３丁目１４２−５",,
1269,TENPO#0062,大衆焼肉酒場こがね,大衆焼肉酒場 こがね,100.0,【定期清掃】元気ダイニング  大衆焼肉酒場こがね（日曜定休）,,"大衆焼肉酒場 こがね, 日本、〒343-0845 埼玉県越谷市南越谷４丁目７−３",,
1270,TENPO#0060,大衆寿司酒場こがね,大衆寿司酒場こがね,100.0,【定期清掃】大衆寿司酒場こがね（日曜定休）,,"大衆寿司酒場こがね, 日本、〒343-0845 埼玉県越谷市南越谷１丁目２６−９",,
1271,TENPO#0047,南口店,H VIEW株式会社　立川酒場 魚丸 南口店,90.8,【定期清掃】H VIEW株式会社　立川酒場 魚丸 南口店,,"立川酒場 魚丸 南口店, 日本、〒190-0023 東京都立川市柴崎町３丁目３−５ ベルフェアー・立川",,
1272,TENPO#0061,大衆寿司酒場 こがね商店,大衆寿司酒場 こがね商店,100.0,【定期清掃】大衆寿司酒場 こがね商店（日曜定休）,,"大衆寿司酒場 こがね商店, 日本、〒340-0034 埼玉県草加市氷川町２１２４−１４",,
1273,TENPO#77f42e59665b,N,ZANGIRI next,90.2,【再清掃】ZANGIRI next,,,,
1275,TENPO#0060,大衆寿司酒場こがね,大衆寿司酒場こがね,100.0,【定期清掃】大衆寿司酒場こがね（日曜定休）,,"大衆寿司酒場こがね, 日本、〒343-0845 埼玉県越谷市南越谷１丁目２６−９",,
1276,TENPO#77f42e59665b,N,〒105-0004 東京都港区新橋４丁目１４−１ AUNビル 3階,93.8,【定期清掃】株式会社オン・ザ・プラネット　ホルモンのマンモス,,〒105-0004 東京都港区新橋４丁目１４−１ AUNビル 3階,,
1277,TENPO#0062,大衆焼肉酒場こがね,大衆焼肉酒場 こがね,100.0,【定期清掃】元気ダイニング  大衆焼肉酒場こがね（日曜定休）,,"大衆焼肉酒場 こがね, 日本、〒343-0845 埼玉県越谷市南越谷４丁目７−３",,
1279,TENPO#0064,竹祥,テイクユー　貝出汁中華そば 竹祥,90.8,【定期清掃】テイクユー　貝出汁中華そば 竹祥,,貝出汁中華そば竹祥,,
1282,TENPO#0047,南口店,H VIEW株式会社　立川酒場 魚丸 南口店,90.8,【定期清掃】H VIEW株式会社　立川酒場 魚丸 南口店,,"立川酒場 魚丸 南口店, 日本、〒190-0023 東京都立川市柴崎町３丁目３−５ ベルフェアー・立川",,
1283,TENPO#0060,大衆寿司酒場こがね,大衆寿司酒場こがね,100.0,【定期清掃】大衆寿司酒場こがね（日曜定休）,,"大衆寿司酒場こがね, 日本、〒343-0845 埼玉県越谷市南越谷１丁目２６−９",,
1284,TENPO#0032,麺と肴　担々麺 ペン坊,麺と肴　担々麺 ペン坊 　青柳社長,90.6,【定期清掃】麺と肴　担々麺 ペン坊 　青柳社長,,"麺と肴 担々麺 ぺん坊 ラーメン 本所吾妻橋, 日本、〒130-0001 東京都墨田区吾妻橋３丁目６−１５ サンサーラ吾妻橋 105",,
1285,TENPO#0030,蕎麦割烹居酒屋　更科天狐,蕎麦割烹居酒屋　更科天狐〜さらしなてんこ〜,92.0,蕎麦割烹居酒屋　更科天狐〜さらしなてんこ〜,,蕎麦割烹居酒屋　更科天狐〜さらしなてんこ〜,,
1287,TENPO#0084,大井町店,プラネット 魚豪商コダマ大井町店,91.0,【定期清掃】オン・ザ・プラネット 魚豪商コダマ大井町店,,,,
1288,TENPO#0133,赤坂店,株式会社東神　かおたん赤坂店,89.8,【定期清掃】株式会社東神　かおたん赤坂店,,,,
1289,TENPO#0008,蕨店,肉屋食堂たけうち　蕨店　初回,90.4,【隔月清掃】肉屋食堂たけうち　蕨店　初回,,"肉屋食堂たけうち 蕨店, 日本、〒335-0002 埼玉県蕨市塚越１丁目７−４",,
1290,TENPO#0031,鮨 輝らく,輝らく,88.6,【定期清掃】飯田橋 輝らく　定休日(火・水曜日),,"輝らく, 日本、〒162-0825 東京都新宿区神楽坂３丁目１ クレール神楽坂３",,
1291,TENPO#0010,神田店,神田店終わったら請求書送る,90.6,【定期清掃】ニーハオ 神田店,,"ニイハオ 神田店, 日本、〒101-0044 東京都千代田区鍛冶町１丁目６−２ 林ビル B1F",,
1292,TENPO#0043,新宿店,メティウスフーズ PASTA of LIFE 新宿店,92.4,【定期清掃】メティウスフーズ PASTA of LIFE 新宿店,,,,https://maps.app.goo.gl/SYdUTgJVW12hWZPG6?g_st=ipc
1297,TENPO#77f42e59665b,N,モンキーツリー株式会社エデュケーション MONKEY TREE 日本橋店,93.8,【定期清掃】モンキーツリー株式会社エデュケーション MONKEY TREE 日本橋店,,モンキーツリー馬喰町,,
1299,TENPO#0129,米と魚　さかなさま,米と魚　さかなさま,100.0,米と魚　さかなさま　定期清掃/ゴミ回収,,"米と魚 さかなさま 日本橋茅場町店, 日本、〒103-0026 東京都中央区日本橋兜町１５−６ 製粉会館ビル 地下1階",,
1300,TENPO#0010,神田店,ニーハオ 神田店,89.4,【定期清掃】ニーハオ 神田店,,"ニイハオ 神田店, 日本、〒101-0044 東京都千代田区鍛冶町１丁目６−２ 林ビル B1F",,
1301,TENPO#0008,蕨店,肉屋食堂たけうち　蕨店　初回,90.4,【隔月清掃】肉屋食堂たけうち　蕨店　初回,,"肉屋食堂たけうち 蕨店, 日本、〒335-0002 埼玉県蕨市塚越１丁目７−４",,
1302,TENPO#0042,麹町店,株式会社メティウスフーズ ピッツェリアドォーロ麹町店,92.2,株式会社メティウスフーズ ピッツェリアドォーロ麹町店,,"ピッツェリア ドォーロ 麹町店, 日本、〒102-0083 東京都千代田区麹町４丁目３−１０ 小倉ビル 1F",,
1303,TENPO#0132,atomic BAR,六本木 ATOMIC BAR ゴミ回収,91.2,【定期ゴミ回収】六本木 ATOMIC BAR ゴミ回収,,,,
1304,TENPO#0083,本店,株式会社ダイニングエッジ　楽が気　新橋本店,91.0,【定期清掃】株式会社ダイニングエッジ　楽が気　新橋本店,,"楽が気, 日本、〒105-0004 東京都港区新橋３丁目２１−４ 新橋第2ペリカンビル 1F",,
1306,TENPO#0018,西新宿店,デイジイ西新宿店 (DAISY),90.6,【定期清掃】パン屋 デイジイ西新宿,,"デイジイ西新宿店 (DAISY), 日本、〒160-0023 東京都新宿区西新宿６丁目１１−３ Dタワー西新宿 １階",,
1307,TENPO#0010,神田店,デニーロ神田店,89.4,デニーロ 今村　定期清掃　梅岡定期清掃,,"デニーロ神田店, 日本、〒101-0054 東京都千代田区神田錦町３丁目１４−３ 神田錦町ビル 1階",,
1309,TENPO#0048,代々木店,武蔵野アブラ学会　代々木店,90.4,【定期清掃】武蔵野アブラ学会　代々木店,,"武蔵野アブラ学会 代々木店, 日本、〒151-0053 東京都渋谷区代々木１丁目５８−７",,
1310,TENPO#0082,別館,ニーハオ蒲田　別館,89.6,【定期清掃】ニーハオ蒲田　別館,,ニーハオ蒲田本店,,
1312,TENPO#0064,竹祥,テイクユー　貝出汁中華そば 竹祥,90.8,【定期清掃】テイクユー　貝出汁中華そば 竹祥,,貝出汁中華そば竹祥,,
1313,TENPO#0106,オイスター&珍味 bar 不夜城,不夜城,88.6,不夜城,,,,
1314,TENPO#0085,大森店,ニーハオ大森店,89.4,【再清掃】ニーハオ大森店,,"ニイハオ 大森店, 日本、〒143-0016 東京都大田区大森北１丁目２−１",,
1315,TENPO#0084,大井町店,プラネット 魚豪商コダマ大井町店,91.0,【定期清掃】オン・ザ・プラネット 魚豪商コダマ大井町店,,,,https://maps.app.goo.gl/59YNnoHRHsu4XY4v7
1317,TENPO#77f42e59665b,N,HOTEL BAMBOO GARDEN 錦糸町  〒130-0022 東京都墨田区江東橋４丁目１４−１,96.8,訪問ご挨拶_株式会社J&M HOLDINGS,,HOTEL BAMBOO GARDEN 錦糸町  〒130-0022 東京都墨田区江東橋４丁目１４−１,,
1318,TENPO#77f42e59665b,N,〒105-0004 東京都港区新橋４丁目１４−１ AUNビル 3階,93.8,【定期清掃】株式会社オン・ザ・プラネット　ホルモンのマンモス,,〒105-0004 東京都港区新橋４丁目１４−１ AUNビル 3階,,
1319,TENPO#0132,atomic BAR,六本木 ATOMIC BAR ゴミ回収,91.2,【定期ゴミ回収】六本木 ATOMIC BAR ゴミ回収,,,,
1320,TENPO#0058,ニューイブシオ,プラネット　新燻男ニューイブシオ,91.0,【定期清掃】株式会社オン・ザ・プラネット　新燻男ニューイブシオ,,新燻男ニューイブシオ,,
1323,TENPO#0031,鮨 輝らく,輝らく,88.6,【定期清掃】飯田橋 輝らく　定休日(火・水曜日),,"輝らく, 日本、〒162-0825 東京都新宿区神楽坂３丁目１ クレール神楽坂３",,
1324,TENPO#0133,赤坂店,株式会社東神　かおたん赤坂店,89.8,【定期清掃】株式会社東神　かおたん赤坂店,,,,
1326,TENPO#0136,新虎通りcore店,シュハスカリア キ ボン! 新虎通りcore店,91.8,【スポット清掃】シュハスカリア キ ボン! 新虎通りcore店,,,,
1329,TENPO#0010,神田店,デニーロ 神田店,89.4,【定期清掃】デニーロ 神田店,,"デニーロ神田店, 日本、〒101-0054 東京都千代田区神田錦町３丁目１４−３ 神田錦町ビル 1階",,
1330,TENPO#77f42e59665b,N,モンキーツリー株式会社エデュケーション MONKEY TREE 日本橋店,93.8,【定期清掃】モンキーツリー株式会社エデュケーション MONKEY TREE 日本橋店,,モンキーツリー馬喰町,,
1332,TENPO#0082,別館,ニーハオ蒲田　別館,89.6,【定期清掃】ニーハオ蒲田　別館,,ニーハオ蒲田本店,,
1333,TENPO#0084,大井町店,ニーハオ大井町店,89.6,【定期清掃】ニーハオ大井町店,,"你好 大井町, 日本、〒140-0011 東京都品川区東大井５丁目１７−４ 高山ビル B1",,
1334,TENPO#0030,蕎麦割烹居酒屋　更科天狐,蕎麦割烹居酒屋　更科天狐〜さらしなてんこ〜　梅岡,92.4,蕎麦割烹居酒屋　更科天狐〜さらしなてんこ〜　梅岡,,蕎麦割烹居酒屋　更科天狐〜さらしなてんこ〜,,
1336,TENPO#0010,神田店,神田店終わったら請求書送る,90.6,【スポット】ニーハオ 神田店,,"ニイハオ 神田店, 日本、〒101-0044 東京都千代田区鍛冶町１丁目６−２ 林ビル B1F",,
1337,TENPO#0083,本店,富士屋本店日本橋浜町,90.0,【定期清掃】富士屋本店日本橋浜町,,"富士屋本店 日本橋浜町, 日本、〒103-0007 東京都中央区日本橋浜町２丁目２４−２",,
1339,TENPO#0084,大井町店,プラネット 魚豪商コダマ大井町店　初回,91.4,【定期清掃】オン・ザ・プラネット 魚豪商コダマ大井町店　初回,,,,
1340,TENPO#0128,ビストロ エヴォルテ,ビストロ エヴォルテ,100.0,【定期清掃】ビストロ エヴォルテ　（火曜定休）,,"ビストロ エヴォルテ, 日本、〒144-0052 東京都大田区蒲田５丁目２９−１ エクセルピア蒲田３番館 三番館 １F",,
1341,TENPO#0053,新橋店,プラネット　魚豪商 コダマ新橋店,90.8,株式会社オン・ザ・プラネット　魚豪商 コダマ新橋店,,"魚豪商 コダマ, 日本、〒105-0004 東京都港区新橋４丁目１９−１０ タカソビル 1F A",,
1344,TENPO#0010,神田店,神田店終わったら請求書送る,90.6,【定期清掃】ニーハオ 神田店,,"ニイハオ 神田店, 日本、〒101-0044 東京都千代田区鍛冶町１丁目６−２ 林ビル B1F",,
1345,TENPO#0010,神田店,デニーロ 神田店,89.4,【定期清掃】デニーロ 神田店,,"デニーロ神田店, 日本、〒101-0054 東京都千代田区神田錦町３丁目１４−３ 神田錦町ビル 1階",,
1347,TENPO#0054,トオダ,プラネット　魚無双トオダ,90.2,株式会社オン・ザ・プラネット　魚無双トオダ,,"魚無双トオダ, 日本、〒105-0004 東京都港区新橋４丁目１５−６",,
1348,TENPO#77f42e59665b,N,〒105-0004 東京都港区新橋４丁目１４−１ AUNビル 3階,93.8,【定期清掃】株式会社オン・ザ・プラネット　ホルモンのマンモス,,〒105-0004 東京都港区新橋４丁目１４−１ AUNビル 3階,,
1349,TENPO#0042,麹町店,株式会社メティウスフーズ ピッツェリアドォーロ麹町店,92.2,株式会社メティウスフーズ ピッツェリアドォーロ麹町店,,"ピッツェリア ドォーロ 麹町店, 日本、〒102-0083 東京都千代田区麹町４丁目３−１０ 小倉ビル 1F",,
1350,TENPO#0137,日比谷店,電気温水器使用の為ある程度使用していると水になってしまうとの事。※日比谷店のみ,95.6,【スポット清掃】ラグーンインターナショナル 新潟カツ丼 タレカツ日比谷店,,"新潟カツ丼 タレカツ 日比谷店, 日本、〒100-0006 東京都千代田区有楽町１丁目６−１０ スクワール日比谷ビル 1階",,
1351,TENPO#0113,工場,ニーハオ蒲田　工場,89.6,【定期清掃】ニーハオ蒲田　工場,,"你好(ニーハオ)大飯店, 日本、〒144-0052 東京都大田区蒲田４丁目３６−８ プランドール",,
1352,TENPO#0020,モンキーツリー 店舗未設定,モンキーツリー,89.4,【定期清掃/ラグ交換】モンキーツリー,,モンキーツリー馬喰町,,
1353,TENPO#0084,大井町店,ニーハオ大井町店,89.6,【定期清掃】ニーハオ大井町店,,"你好 大井町, 日本、〒140-0011 東京都品川区東大井５丁目１７−４ 高山ビル B1",,
1354,TENPO#77f42e59665b,N,https://us06web.zoom.us/j/81496704566?pwd=O6qabtbaSoslKoUHc48640ybnGoWIr.1,98.0,ヨサンダスzoom,,https://us06web.zoom.us/j/81496704566?pwd=O6qabtbaSoslKoUHc48640ybnGoWIr.1,,
1357,TENPO#0083,本店,株式会社富士屋本店サクラステージ,90.4,【再清掃】株式会社富士屋本店サクラステージ,,"渋谷サクラステージ SHIBUYA SIDE, 日本、〒150-0031 東京都渋谷区桜丘町１−４ 渋谷サクラステージ SHIBUYAサイド",,
1358,TENPO#0055,マンモス,プラネット　焼肉男マンモス,90.4,【再清掃】株式会社オン・ザ・プラネット　焼肉男マンモス,,"桜井ビル, 日本、〒105-0004 東京都港区新橋３丁目１９−４ 桜井ビル",,
1359,TENPO#0053,新橋店,メティウスフーズ ピッツェリア ドォーロ 新橋店,92.2,【定期清掃】メティウスフーズ ピッツェリア ドォーロ 新橋店,,ピッツェリア ドォーロ 新橋店,,
1364,TENPO#0084,大井町店,プラネット 魚豪商コダマ大井町店,91.0,【定期清掃】オン・ザ・プラネット 魚豪商コダマ大井町店,,,,
1365,TENPO#77f42e59665b,N,〒105-0004 東京都港区新橋４丁目１４−１ AUNビル 3階,93.8,【定期清掃】株式会社オン・ザ・プラネット　ホルモンのマンモス,,〒105-0004 東京都港区新橋４丁目１４−１ AUNビル 3階,,
1366,TENPO#77f42e59665b,N,モンキーツリー株式会社エデュケーション MONKEY TREE 日本橋店,93.8,【定期清掃】モンキーツリー株式会社エデュケーション MONKEY TREE 日本橋店,,モンキーツリー馬喰町,,
1369,TENPO#0129,米と魚　さかなさま,米と魚　さかなさま,100.0,米と魚　さかなさま　定期清掃/ゴミ回収,,"米と魚 さかなさま 日本橋茅場町店, 日本、〒103-0026 東京都中央区日本橋兜町１５−６ 製粉会館ビル 地下1階",,
1370,TENPO#0055,マンモス,焼肉男マンモス高圧洗浄,90.2,焼肉男マンモス高圧洗浄,,,,
1371,TENPO#77f42e59665b,N,〒105-0004 東京都港区新橋４丁目１４−１ AUNビル B1F,94.0,株式会社オン・ザ・プラネット　ニューサカナヤキオ,,"〒105-0004 東京都港区新橋４丁目１４−１ AUNビル B1F,1F",,
1372,TENPO#0067,平和台店,麺処いのこ平和台店,89.8,【定期清掃】麺処いのこ平和台店,,"麺処いのこ平和台店, 日本、〒179-0083 東京都練馬区平和台２丁目５２−８",,
1373,TENPO#0083,本店,富士屋本店浜町,89.4,ゴミ回収燃えないごみ,,,,
1376,TENPO#0132,atomic BAR,六本木 ATOMIC BAR ゴミ回収,91.2,【定期ゴミ回収】六本木 ATOMIC BAR ゴミ回収,,,,
1378,TENPO#0014,渋谷店,GOSSO　0秒レモンサワー 仙台ホルモン焼肉酒場 ときわ亭 渋谷店,94.0,【定期清掃】GOSSO　0秒レモンサワー 仙台ホルモン焼肉酒場 ときわ亭 渋谷店,,〒150-0043 東京都渋谷区道玄坂１丁目５−５ 藤木ビル 2F,,
1379,TENPO#0043,新宿店,メティウスフーズ PASTA of LIFE 新宿店,92.4,【定期清掃】メティウスフーズ PASTA of LIFE 新宿店,,,,https://maps.app.goo.gl/SYdUTgJVW12hWZPG6?g_st=ipc
1380,TENPO#0060,大衆寿司酒場こがね,大衆寿司酒場こがね,100.0,【定期清掃】大衆寿司酒場こがね（日曜定休）,,"大衆寿司酒場こがね, 日本、〒343-0845 埼玉県越谷市南越谷１丁目２６−９",,
1382,TENPO#0047,南口店,H VIEW株式会社　立川酒場 魚丸 南口店,90.8,【定期清掃】H VIEW株式会社　立川酒場 魚丸 南口店,,"立川酒場 魚丸 南口店, 日本、〒190-0023 東京都立川市柴崎町３丁目３−５ ベルフェアー・立川",,
1383,TENPO#0102,新橋バーラウンジ御殿,新橋バーラウンジ御殿(オデン),90.6,新橋バーラウンジ御殿　最終清掃,,"新橋バーラウンジ御殿(オデン), 日本、〒105-0004 東京都港区新橋３丁目２１−１０ オルバスビル 3F",,
1384,TENPO#0030,蕎麦割烹居酒屋　更科天狐,蕎麦割烹居酒屋　更科天狐〜さらしなてんこ〜,92.0,蕎麦割烹居酒屋　更科天狐〜さらしなてんこ〜,,蕎麦割烹居酒屋　更科天狐〜さらしなてんこ〜,,
1386,TENPO#0042,麹町店,デイジー麹町店,89.4,【定期清掃】デイジー麹町店,,"デイジイ 麹町店, 日本、〒102-0083 東京都千代田区麹町４丁目３−２２ 紅谷ビル",,
1387,TENPO#0048,代々木店,武蔵野アブラ学会　代々木店,90.4,【定期清掃】武蔵野アブラ学会　代々木店,,"武蔵野アブラ学会 代々木店, 日本、〒151-0053 東京都渋谷区代々木１丁目５８−７",,
1390,TENPO#0048,代々木店,武蔵野アブラ学会　代々木店,90.4,【定期清掃】武蔵野アブラ学会　代々木店,,"武蔵野アブラ学会 代々木店, 日本、〒151-0053 東京都渋谷区代々木１丁目５８−７",,
1391,TENPO#0132,atomic BAR,六本木 ATOMIC BAR ゴミ回収,91.2,【定期ゴミ回収】六本木 ATOMIC BAR ゴミ回収,,,,
1392,TENPO#0042,麹町店,デイジー麹町店,89.4,【定期清掃】デイジー麹町店,,"デイジイ 麹町店, 日本、〒102-0083 東京都千代田区麹町４丁目３−２２ 紅谷ビル",,
1394,TENPO#0085,大森店,ニーハオ大森店,89.4,【定期清掃】ニーハオ大森店,,"ニイハオ 大森店, 日本、〒143-0016 東京都大田区大森北１丁目２−１",,
1396,TENPO#0084,大井町店,プラネット 魚豪商コダマ大井町店,91.0,【定期清掃】オン・ザ・プラネット 魚豪商コダマ大井町店,,,,https://maps.app.goo.gl/59YNnoHRHsu4XY4v7
1397,TENPO#0018,西新宿店,デイジイ西新宿店 (DAISY),90.6,パン屋 デイジイ daisy西新宿　梅岡定期清掃,,"デイジイ西新宿店 (DAISY), 日本、〒160-0023 東京都新宿区西新宿６丁目１１−３ Dタワー西新宿 １階",,
1399,TENPO#0014,渋谷店,ラグーンインターナショナル渋谷店　日比谷店　現調,92.4,ラグーンインターナショナル渋谷店　日比谷店　現調,,,,
1401,TENPO#0030,蕎麦割烹居酒屋　更科天狐,蕎麦割烹居酒屋　更科天狐〜さらしなてんこ〜,92.0,【定期清掃】蕎麦割烹居酒屋　更科天狐〜さらしなてんこ〜,,蕎麦割烹居酒屋　更科天狐〜さらしなてんこ〜,,
1402,TENPO#0083,本店,プラネット　魚焼男新橋本店,90.4,株式会社オン・ザ・プラネット　魚焼男新橋本店,,"大興ビル, 日本、〒105-0004 東京都港区新橋３丁目５ 大興ビル",,
1403,TENPO#0020,モンキーツリー 店舗未設定,モンキーツリー,89.4,【定期清掃/ラグ交換】モンキーツリー,,モンキーツリー馬喰町,,
1404,TENPO#0084,大井町店,プラネット 魚豪商コダマ大井町店,91.0,【定期清掃】オン・ザ・プラネット 魚豪商コダマ大井町店,,,,https://maps.app.goo.gl/59YNnoHRHsu4XY4v7
1407,TENPO#0083,本店,中国家庭料理 你好 本店,90.0,【定期清掃】ニーハオ蒲田本店,,"中国家庭料理 你好 本店, 日本、〒144-0052 東京都大田区蒲田４丁目２４−１４",,
1409,TENPO#0085,大森店,ニーハオ大森店,89.4,【定期清掃】ニーハオ大森店,,"ニイハオ 大森店, 日本、〒143-0016 東京都大田区大森北１丁目２−１",,
1410,TENPO#0113,工場,ニーハオ蒲田　工場,89.6,【定期清掃】ニーハオ蒲田　工場,,"你好(ニーハオ)大飯店, 日本、〒144-0052 東京都大田区蒲田４丁目３６−８ プランドール",,
1411,TENPO#0032,麺と肴　担々麺 ペン坊,麺と肴　担々麺 ペン坊 　青柳社長,90.6,【定期清掃】麺と肴　担々麺 ペン坊 　青柳社長,,"麺と肴 担々麺 ぺん坊 ラーメン 本所吾妻橋, 日本、〒130-0001 東京都墨田区吾妻橋３丁目６−１５ サンサーラ吾妻橋 105",,
1412,TENPO#0106,オイスター&珍味 bar 不夜城,オイスター&珍味 BAR 不夜城,100.0,スモールズ オイスター&珍味 bar 不夜城 隔月清掃,,"オイスター&珍味 BAR 不夜城, 日本、〒160-0021 東京都新宿区歌舞伎町１丁目３−１０ 思い出の抜け道ビル 2.3F",,
1413,TENPO#0104,Japanese Bar　猪鹿蝶,猪鹿蝶,88.6,【スポット清掃】スモールズ ゴールデン街 シンクシリング,,猪鹿蝶,,
1414,TENPO#0005,ただいま変身中,ただいま,88.8,【エアコン修理/調査】ただいま、変身中10:00〜,,東京都中野区中野5-53-3 松本ビル 101,,
1416,TENPO#0054,トオダ,プラネット　魚無双トオダ,90.2,株式会社オン・ザ・プラネット　魚無双トオダ,,"魚無双トオダ, 日本、〒105-0004 東京都港区新橋４丁目１５−６",,
1417,TENPO#0020,モンキーツリー 店舗未設定,モンキーツリー,89.4,【定期清掃/ラグ交換】モンキーツリー,,モンキーツリー馬喰町,,
1418,TENPO#0010,神田店,デニーロ神田店,89.4,デニーロ 今村　定期清掃,,"デニーロ神田店, 日本、〒101-0054 東京都千代田区神田錦町３丁目１４−３ 神田錦町ビル 1階",,
1420,TENPO#0042,麹町店,デイジー麹町店,89.4,【定期清掃】デイジー麹町店,,"デイジイ 麹町店, 日本、〒102-0083 東京都千代田区麹町４丁目３−２２ 紅谷ビル",,
1421,TENPO#0067,平和台店,麺処いのこ平和台店,89.8,【定期清掃】麺処いのこ平和台店,,"麺処いのこ平和台店, 日本、〒179-0083 東京都練馬区平和台２丁目５２−８",,
1422,TENPO#0031,鮨 輝らく,輝らく,88.6,【定期清掃】飯田橋 輝らく　定休日(火・水曜日),,"輝らく, 日本、〒162-0825 東京都新宿区神楽坂３丁目１ クレール神楽坂３",,
1423,TENPO#77f42e59665b,N,〒105-0004 東京都港区新橋４丁目１４−１ AUNビル B1F,94.0,【定期清掃】株式会社オン・ザ・プラネット　ニューサカナヤキオ,,"〒105-0004 東京都港区新橋４丁目１４−１ AUNビル B1F,1F",,
1424,TENPO#0063,大衆串焼き酒場こがね,大衆串焼き酒場こがね,100.0,【定期清掃】大衆串焼き酒場こがね（日曜定休）,,大衆串焼き酒場こがね,,
1425,TENPO#0055,マンモス,プラネット　焼肉男マンモス,90.4,【定期清掃】株式会社オン・ザ・プラネット　焼肉男マンモス,,"桜井ビル, 日本、〒105-0004 東京都港区新橋３丁目１９−４ 桜井ビル",,
1426,TENPO#0082,別館,ニーハオ蒲田　別館,89.6,ニーハオ蒲田　別館,,ニーハオ蒲田本店,,
1430,TENPO#0113,工場,ニーハオ蒲田　工場,89.6,【定期清掃】ニーハオ蒲田　工場,,"你好(ニーハオ)大飯店, 日本、〒144-0052 東京都大田区蒲田４丁目３６−８ プランドール",,
1431,TENPO#0054,トオダ,プラネット　魚無双トオダ,90.2,【定期清掃】株式会社オン・ザ・プラネット　魚無双トオダ,,"魚無双トオダ, 日本、〒105-0004 東京都港区新橋４丁目１５−６",,
1432,TENPO#0014,渋谷店,GOSSO　0秒レモンサワー 仙台ホルモン焼肉酒場 ときわ亭 渋谷店,94.0,【定期清掃】GOSSO　0秒レモンサワー 仙台ホルモン焼肉酒場 ときわ亭 渋谷店,,〒150-0043 東京都渋谷区道玄坂１丁目５−５ 藤木ビル 2F,,
1433,TENPO#0014,渋谷店,カラオケパセラ渋谷店　修繕現地調査 @なーろん,92.0,カラオケパセラ渋谷店　修繕現地調査 @なーろん,,,,
1434,TENPO#77f42e59665b,N,Namai休み,89.4,Namai休み,,,,
1435,TENPO#0067,平和台店,麺処いのこ平和台店,89.8,【定期清掃】麺処いのこ平和台店,,"麺処いのこ平和台店, 日本、〒179-0083 東京都練馬区平和台２丁目５２−８",,
1436,TENPO#0066,赤塚店,いのこ板橋区赤塚店,89.8,【再清掃】いのこ板橋区赤塚店,,"麺処いのこ 赤塚店, 日本、〒175-0093 東京都板橋区赤塚新町３丁目８−２５",,
1438,TENPO#0082,別館,ニーハオ蒲田　別館,89.6,【定期清掃】ニーハオ蒲田　別館,,ニーハオ蒲田本店,,
1439,TENPO#0083,本店,中国家庭料理 你好 本店,90.0,【定期清掃】ニーハオ蒲田本店,,"中国家庭料理 你好 本店, 日本、〒144-0052 東京都大田区蒲田４丁目２４−１４",,
1440,TENPO#0083,本店,中国家庭料理 你好 本店,90.0,【定期清掃】ニーハオ蒲田本店,,"中国家庭料理 你好 本店, 日本、〒144-0052 東京都大田区蒲田４丁目２４−１４",,
1442,TENPO#0083,本店,鬼金棒　神田本店,89.4,【訪問営業】鬼金棒　神田本店,,,,
1445,TENPO#0015,池袋店,300B　池袋店　実調,89.8,300B　池袋店　実調,,,,
1446,TENPO#0115,神楽坂店,Darts Bar A's 神楽坂店,90.8,ダーツバー A's　清掃　神楽坂　梅岡定期清掃,,"Darts Bar A's 神楽坂店, 日本、〒162-0825 東京都新宿区神楽坂１丁目１０ 會田ビル 4F",,
1447,TENPO#0055,マンモス,プラネット　焼肉男マンモス,90.4,株式会社オン・ザ・プラネット　焼肉男マンモス,,"桜井ビル, 日本、〒105-0004 東京都港区新橋３丁目１９−４ 桜井ビル",,
1448,TENPO#0030,蕎麦割烹居酒屋　更科天狐,蕎麦割烹居酒屋　更科天狐〜さらしなてんこ〜,92.0,蕎麦割烹居酒屋　更科天狐〜さらしなてんこ〜,,蕎麦割烹居酒屋　更科天狐〜さらしなてんこ〜,,
1449,TENPO#77f42e59665b,N,東京都渋谷区神宮前6-12-20J6Front8F,92.6,訪問ご挨拶_株式会社アメニティ・プラス,,東京都渋谷区神宮前6-12-20J6Front8F,,
1450,TENPO#0030,蕎麦割烹居酒屋　更科天狐,蕎麦割烹居酒屋　更科天狐〜さらしなてんこ〜,92.0,【定期清掃】蕎麦割烹居酒屋　更科天狐〜さらしなてんこ〜,,蕎麦割烹居酒屋　更科天狐〜さらしなてんこ〜,,
1451,TENPO#0030,蕎麦割烹居酒屋　更科天狐,蕎麦割烹居酒屋　更科天狐〜さらしなてんこ〜　梅岡,92.4,蕎麦割烹居酒屋　更科天狐〜さらしなてんこ〜　梅岡,,蕎麦割烹居酒屋　更科天狐〜さらしなてんこ〜,,
1452,TENPO#0014,渋谷店,GOSSO　0秒レモンサワー 仙台ホルモン焼肉酒場 ときわ亭 渋谷店,94.0,【定期清掃】GOSSO　0秒レモンサワー 仙台ホルモン焼肉酒場 ときわ亭 渋谷店,,〒150-0043 東京都渋谷区道玄坂１丁目５−５ 藤木ビル 2F,,
1453,TENPO#0092,上野駅前店,カラオケパセラ 上野駅前店,90.4,【エアコン調査/スクリーン】カラオケパセラ 上野駅前店,,,,
1456,TENPO#0055,マンモス,プラネット　焼肉男マンモス,90.4,【定期清掃】株式会社オン・ザ・プラネット　焼肉男マンモス,,"桜井ビル, 日本、〒105-0004 東京都港区新橋３丁目１９−４ 桜井ビル",,
1458,TENPO#0064,竹祥,テイクユー　貝出汁中華そば 竹祥,90.8,【定期清掃】テイクユー　貝出汁中華そば 竹祥,,貝出汁中華そば竹祥,,
1459,TENPO#77f42e59665b,N,株式会社ZANGIRI 理容室ZANGIRI next,92.2,【スポット清掃】株式会社ZANGIRI 理容室ZANGIRI next,,〒160-0023 東京都新宿区西新宿７丁目１０−１９ 西新宿ビル 3F,,
1460,TENPO#0018,西新宿店,デイジイ西新宿店 (DAISY),90.6,パン屋 デイジイ daisy西新宿,,"デイジイ西新宿店 (DAISY), 日本、〒160-0023 東京都新宿区西新宿６丁目１１−３ Dタワー西新宿 １階",,
1461,TENPO#0092,上野駅前店,カラオケパセラ上野駅前店　修繕なーろん,91.6,カラオケパセラ上野駅前店　修繕なーろん,,,,
1462,TENPO#0012,新小岩店,株式会社友進中華食堂一番館 新小岩店　初回,91.0,【定期清掃】株式会社友進中華食堂一番館 新小岩店　初回,,"中華食堂 一番館 新小岩店, 日本、〒124-0024 東京都葛飾区新小岩１丁目４２−８",,
1463,TENPO#0032,麺と肴　担々麺 ペン坊,麺と肴　担々麺 ペン坊 　青柳社長,90.6,【定期清掃】麺と肴　担々麺 ペン坊 　青柳社長,,"麺と肴 担々麺 ぺん坊 ラーメン 本所吾妻橋, 日本、〒130-0001 東京都墨田区吾妻橋３丁目６−１５ サンサーラ吾妻橋 105",,
1464,TENPO#0015,池袋店,居酒屋いくなら俺んち来る？ 〜宴会部〜 池袋店,92.2,【現場調査】居酒屋いくなら俺んち来る？ 〜宴会部〜 池袋店,,東京都豊島区西池袋1-36-4 S・Iコンソートビル 4F,,
1465,TENPO#0064,竹祥,テイクユー　貝出汁中華そば 竹祥,90.8,【定期清掃】テイクユー　貝出汁中華そば 竹祥,,貝出汁中華そば竹祥,,
1466,TENPO#77f42e59665b,N,〒105-0004 東京都港区新橋４丁目１４−１ AUNビル B1F,94.0,【定期清掃】株式会社オン・ザ・プラネット　ニューサカナヤキオ,,"〒105-0004 東京都港区新橋４丁目１４−１ AUNビル B1F,1F",,
1467,TENPO#0053,新橋店,メティウスフーズ ピッツェリア ドォーロ 新橋店　初回,92.6,【定期清掃】メティウスフーズ ピッツェリア ドォーロ 新橋店　初回清掃,,ピッツェリア ドォーロ 新橋店,,
1468,TENPO#0055,マンモス,プラネット　焼肉男マンモス,90.4,【定期清掃】株式会社オン・ザ・プラネット　焼肉男マンモス,,"桜井ビル, 日本、〒105-0004 東京都港区新橋３丁目１９−４ 桜井ビル",,
1469,TENPO#77f42e59665b,N,〒105-0004 東京都港区新橋４丁目１４−１ AUNビル 3階,93.8,【定期清掃】株式会社オン・ザ・プラネット　ホルモンのマンモス,,〒105-0004 東京都港区新橋４丁目１４−１ AUNビル 3階,,
1470,TENPO#77f42e59665b,N,Goonies 初回,89.8,Goonies 初回清掃,,,,
1474,TENPO#0012,新小岩店,株式会社友進中華食堂一番館 新小岩店,90.6,【定期清掃】株式会社友進中華食堂一番館 新小岩店,,"中華食堂 一番館 新小岩店, 日本、〒124-0024 東京都葛飾区新小岩１丁目４２−８",,
1475,TENPO#0020,モンキーツリー 店舗未設定,モンキーツリー,89.4,モンキーツリー　定期清掃/ラグ交換,,モンキーツリー馬喰町,,
1476,TENPO#0048,代々木店,武蔵野アブラ学会　代々木店,90.4,武蔵野アブラ学会　代々木店,,"武蔵野アブラ学会 代々木店, 日本、〒151-0053 東京都渋谷区代々木１丁目５８−７",,
1477,TENPO#0084,大井町店,プラネット 魚豪商コダマ大井町店,91.0,【定期清掃】オン・ザ・プラネット 魚豪商コダマ大井町店,,,,https://maps.app.goo.gl/59YNnoHRHsu4XY4v7
1478,TENPO#0083,本店,中国家庭料理 你好 本店,90.0,【定期清掃】ニーハオ蒲田本店,,"中国家庭料理 你好 本店, 日本、〒144-0052 東京都大田区蒲田４丁目２４−１４",,
1479,TENPO#0082,別館,ニーハオ蒲田　別館,89.6,【定期清掃】ニーハオ蒲田　別館,,ニーハオ蒲田本店,,
1481,TENPO#0113,工場,ニーハオ蒲田　工場,89.6,【定期清掃】ニーハオ蒲田　工場,,"你好(ニーハオ)大飯店, 日本、〒144-0052 東京都大田区蒲田４丁目３６−８ プランドール",,
1483,TENPO#77f42e59665b,N,〒105-0004 東京都港区新橋４丁目１４−１ AUNビル 3階,93.8,【定期清掃】株式会社オン・ザ・プラネット　ホルモンのマンモス,,〒105-0004 東京都港区新橋４丁目１４−１ AUNビル 3階,,
1487,TENPO#0031,鮨 輝らく,輝らく,88.6,【定期清掃】飯田橋 輝らく　定休日(火・水曜日),,"輝らく, 日本、〒162-0825 東京都新宿区神楽坂３丁目１ クレール神楽坂３",,
1489,TENPO#0113,工場,ニーハオ蒲田　工場,89.6,ニーハオ蒲田　工場,,"你好(ニーハオ)大飯店, 日本、〒144-0052 東京都大田区蒲田４丁目３６−８ プランドール",,
1490,TENPO#0008,蕨店,肉屋食堂たけうち　蕨店　初回,90.4,【隔月清掃】肉屋食堂たけうち　蕨店　初回,,"肉屋食堂たけうち 蕨店, 日本、〒335-0002 埼玉県蕨市塚越１丁目７−４",,
1491,TENPO#0092,上野駅前店,カラオケパセラ上野駅前店　修繕なーろん,91.6,カラオケパセラ上野駅前店　修繕なーろん,,,,
1492,TENPO#0064,竹祥,テイクユー　貝出汁中華そば 竹祥,90.8,【定期清掃】テイクユー　貝出汁中華そば 竹祥,,貝出汁中華そば竹祥,,
1493,TENPO#0066,赤塚店,いのこ板橋区赤塚店,89.8,【定期清掃】いのこ板橋区赤塚店,,"麺処いのこ 赤塚店, 日本、〒175-0093 東京都板橋区赤塚新町３丁目８−２５",,
1495,TENPO#0018,西新宿店,デイジイ西新宿店 (DAISY),90.6,パン屋 デイジイ daisy西新宿,,"デイジイ西新宿店 (DAISY), 日本、〒160-0023 東京都新宿区西新宿６丁目１１−３ Dタワー西新宿 １階",,
1500,TENPO#0029,日本橋茅場町店,Darts Bar A's 日本橋茅場町店,91.4,【15:00〜15:30】Darts Bar A's 日本橋茅場町店,,,,
1501,TENPO#0129,米と魚　さかなさま,米と魚　さかなさま,100.0,米と魚　さかなさま　定期清掃/ゴミ回収,,"米と魚 さかなさま 日本橋茅場町店, 日本、〒103-0026 東京都中央区日本橋兜町１５−６ 製粉会館ビル 地下1階",,
1502,TENPO#0008,蕨店,肉屋食堂たけうち　蕨店,90.0,【隔月清掃】肉屋食堂たけうち　蕨店,,"肉屋食堂たけうち 蕨店, 日本、〒335-0002 埼玉県蕨市塚越１丁目７−４",,
1503,TENPO#0018,西新宿店,デイジイ西新宿店 (DAISY),90.6,【定期清掃】パン屋 デイジイ西新宿,,"デイジイ西新宿店 (DAISY), 日本、〒160-0023 東京都新宿区西新宿６丁目１１−３ Dタワー西新宿 １階",,
1504,TENPO#0012,新小岩店,株式会社友進中華食堂一番館 新小岩店,90.6,【定期清掃】株式会社友進中華食堂一番館 新小岩店,,"中華食堂 一番館 新小岩店, 日本、〒124-0024 東京都葛飾区新小岩１丁目４２−８",,
1505,TENPO#0133,赤坂店,株式会社東神中国料理かおたん赤坂店,90.6,【定期清掃：初回】 株式会社東神中国料理かおたん赤坂店,,,,
1507,TENPO#0106,オイスター&珍味 bar 不夜城,オイスター&珍味 BAR 不夜城,100.0,【隔月清掃】スモールズ オイスター&珍味 bar 不夜城,,"オイスター&珍味 BAR 不夜城, 日本、〒160-0021 東京都新宿区歌舞伎町１丁目３−１０ 思い出の抜け道ビル 2.3F",,
1510,TENPO#0048,代々木店,武蔵野アブラ学会　代々木店,90.4,【定期清掃】武蔵野アブラ学会　代々木店,,"武蔵野アブラ学会 代々木店, 日本、〒151-0053 東京都渋谷区代々木１丁目５８−７",,
1511,TENPO#0014,渋谷店,GOSSO　0秒レモンサワー 仙台ホルモン焼肉酒場 ときわ亭 渋谷店,94.0,【定期清掃】GOSSO　0秒レモンサワー 仙台ホルモン焼肉酒場 ときわ亭 渋谷店,,〒150-0043 東京都渋谷区道玄坂１丁目５−５ 藤木ビル 2F,,
1514,TENPO#0010,神田店,デニーロ 神田店,89.4,【定期清掃】デニーロ 神田店,,"デニーロ神田店, 日本、〒101-0054 東京都千代田区神田錦町３丁目１４−３ 神田錦町ビル 1階",,
1515,TENPO#0054,トオダ,プラネット　魚無双トオダ,90.2,【定期清掃】株式会社オン・ザ・プラネット　魚無双トオダ,,"魚無双トオダ, 日本、〒105-0004 東京都港区新橋４丁目１５−６",,
1517,TENPO#0067,平和台店,仮【】麺処いのこ平和台店,90.0,仮【定期清掃】麺処いのこ平和台店,,"麺処いのこ平和台店, 日本、〒179-0083 東京都練馬区平和台２丁目５２−８",,
1518,TENPO#0057,弐,プラネット　魚焼男 弐,89.8,【定期清掃】株式会社オン・ザ・プラネット　魚焼男 弐,,"魚焼男 弐, 日本、〒105-0004 東京都港区新橋３丁目１５−８ 精工ビル B1F",,
1519,TENPO#0066,赤塚店,いのこ板橋区赤塚店,89.8,【定期清掃】いのこ板橋区赤塚店,,"麺処いのこ 赤塚店, 日本、〒175-0093 東京都板橋区赤塚新町３丁目８−２５",,
1520,TENPO#0010,神田店,デニーロ 神田店,89.4,【定期清掃】デニーロ 神田店,,"デニーロ神田店, 日本、〒101-0054 東京都千代田区神田錦町３丁目１４−３ 神田錦町ビル 1階",,
1522,TENPO#0058,ニューイブシオ,プラネット　新燻男ニューイブシオ,91.0,【定期清掃】株式会社オン・ザ・プラネット　新燻男ニューイブシオ,,新燻男ニューイブシオ,,
1523,TENPO#0106,オイスター&珍味 bar 不夜城,オイスター&珍味 BAR 不夜城,100.0,スモールズ オイスター&珍味 bar 不夜城 隔月清掃,,"オイスター&珍味 BAR 不夜城, 日本、〒160-0021 東京都新宿区歌舞伎町１丁目３−１０ 思い出の抜け道ビル 2.3F",,
1526,TENPO#0020,モンキーツリー 店舗未設定,モンキーツリー,89.4,【定期清掃/ラグ交換】モンキーツリー,,モンキーツリー馬喰町,,
1527,TENPO#0055,マンモス,プラネット　焼肉男マンモス,90.4,【定期清掃】株式会社オン・ザ・プラネット　焼肉男マンモス,,"桜井ビル, 日本、〒105-0004 東京都港区新橋３丁目１９−４ 桜井ビル",,
1528,TENPO#0066,赤塚店,いのこ板橋区赤塚店,89.8,【定期清掃】いのこ板橋区赤塚店,,"麺処いのこ 赤塚店, 日本、〒175-0093 東京都板橋区赤塚新町３丁目８−２５",,
1529,TENPO#0020,モンキーツリー 店舗未設定,モンキーツリー,89.4,【定期清掃/ラグ交換】モンキーツリー,,モンキーツリー馬喰町,,
1531,TENPO#0012,新小岩店,株式会社友進中華食堂一番館 新小岩店,90.6,【定期清掃】株式会社友進中華食堂一番館 新小岩店,,"中華食堂 一番館 新小岩店, 日本、〒124-0024 東京都葛飾区新小岩１丁目４２−８",,
1532,TENPO#0010,神田店,ニーハオ 神田店,89.4,【スポット清掃】ニーハオ 神田店,,"ニイハオ 神田店, 日本、〒101-0044 東京都千代田区鍛冶町１丁目６−２ 林ビル B1F",,
1534,TENPO#0014,渋谷店,GOSSO　0秒レモンサワー 仙台ホルモン焼肉酒場 ときわ亭 渋谷店,94.0,【定期清掃】GOSSO　0秒レモンサワー 仙台ホルモン焼肉酒場 ときわ亭 渋谷店,,〒150-0043 東京都渋谷区道玄坂１丁目５−５ 藤木ビル 2F,,
1535,TENPO#0048,代々木店,武蔵野アブラ学会　代々木店,90.4,【定期清掃】武蔵野アブラ学会　代々木店,,"武蔵野アブラ学会 代々木店, 日本、〒151-0053 東京都渋谷区代々木１丁目５８−７",,
1536,TENPO#0018,西新宿店,デイジイ西新宿店 (DAISY),90.6,パン屋 デイジイ daisy西新宿,,"デイジイ西新宿店 (DAISY), 日本、〒160-0023 東京都新宿区西新宿６丁目１１−３ Dタワー西新宿 １階",,
1537,TENPO#0102,新橋バーラウンジ御殿,新橋バーラウンジ御殿,100.0,【不定期清掃】新橋バーラウンジ御殿,,"新橋バーラウンジ御殿(オデン), 日本、〒105-0004 東京都港区新橋３丁目２１−１０ オルバスビル 3F",,
1538,TENPO#0014,渋谷店,GOSSO　0秒レモンサワー 仙台ホルモン焼肉酒場 ときわ亭 渋谷店,94.0,【定期清掃】GOSSO　0秒レモンサワー 仙台ホルモン焼肉酒場 ときわ亭 渋谷店,,〒150-0043 東京都渋谷区道玄坂１丁目５−５ 藤木ビル 2F,,
1539,TENPO#0066,赤塚店,いのこ板橋区赤塚店,89.8,【定期清掃】いのこ板橋区赤塚店,,"麺処いのこ 赤塚店, 日本、〒175-0093 東京都板橋区赤塚新町３丁目８−２５",,
1540,TENPO#77f42e59665b,N,〒105-0004 東京都港区新橋４丁目１４−１ AUNビル B1F,94.0,【再清掃】 ※事前確認済み※　株式会社オン・ザ・プラネットニューサカナヤキオ,,"〒105-0004 東京都港区新橋４丁目１４−１ AUNビル B1F,1F",,
1541,TENPO#0135,横浜店,鍵の管理、清掃日程決めカルニセリア横浜店,91.8,【現場調査】Goonies 伊藤さん12:30〜,,神奈川県横浜市神奈川区鶴屋町 2-16-4,,
1542,TENPO#0128,ビストロ エヴォルテ,ビストロ エヴォルテ,100.0,【定期清掃】ビストロ エヴォルテ　（火曜定休）,,"ビストロ エヴォルテ, 日本、〒144-0052 東京都大田区蒲田５丁目２９−１ エクセルピア蒲田３番館 三番館 １F",,
1543,TENPO#0084,大井町店,ニーハオ大井町店,89.6,【定期清掃】ニーハオ大井町店,,"你好 大井町, 日本、〒140-0011 東京都品川区東大井５丁目１７−４ 高山ビル B1",,
1544,TENPO#0043,新宿店,PASTA of LIFE 新宿店様（メティウスフーズ）,92.6,PASTA of LIFE 新宿店様（メティウスフーズ）,,東京都渋谷区代々木2-15-9 加瀬ビル 2F,,
1545,TENPO#0060,大衆寿司酒場こがね,大衆寿司酒場こがね,100.0,【定期清掃】大衆寿司酒場こがね（日曜定休）,,"大衆寿司酒場こがね, 日本、〒343-0845 埼玉県越谷市南越谷１丁目２６−９",,
1546,TENPO#77f42e59665b,N,〒105-0004 東京都港区新橋４丁目１４−１ AUNビル B1F,94.0,株式会社オン・ザ・プラネット　ニューサカナヤキオ,,"〒105-0004 東京都港区新橋４丁目１４−１ AUNビル B1F,1F",,
1550,TENPO#0061,大衆寿司酒場 こがね商店,大衆寿司酒場 こがね商店,100.0,【定期清掃】大衆寿司酒場 こがね商店（日曜定休）,,"大衆寿司酒場 こがね商店, 日本、〒340-0034 埼玉県草加市氷川町２１２４−１４",,
1551,TENPO#0014,渋谷店,ラグーンインターナショナル 新潟カツ丼 タレカツ渋谷店,93.0,【スポット清掃】ラグーンインターナショナル 新潟カツ丼 タレカツ渋谷店,,"新潟カツ丼タレカツ 渋谷店, 日本、〒150-0043 東京都渋谷区道玄坂１丁目５−９",,
1552,TENPO#0020,モンキーツリー 店舗未設定,モンキーツリー,89.4,【定期清掃/ラグ交換】モンキーツリー,,モンキーツリー馬喰町,,
1554,TENPO#0066,赤塚店,『スポット』いのこ赤塚店,90.0,『スポット』いのこ赤塚店,,,,
1556,TENPO#0057,弐,プラネット　魚焼男 弐,89.8,株式会社オン・ザ・プラネット　魚焼男 弐,,"魚焼男 弐, 日本、〒105-0004 東京都港区新橋３丁目１５−８ 精工ビル B1F",,
1559,TENPO#0083,本店,富士屋本店日本橋浜町,90.0,富士屋本店日本橋浜町,,,,
1560,TENPO#0030,蕎麦割烹居酒屋　更科天狐,蕎麦割烹居酒屋　更科天狐〜さらしなてんこ〜,92.0,【定期清掃】蕎麦割烹居酒屋　更科天狐〜さらしなてんこ〜,,蕎麦割烹居酒屋　更科天狐〜さらしなてんこ〜,,
1562,TENPO#0030,蕎麦割烹居酒屋　更科天狐,蕎麦割烹居酒屋　更科天狐〜さらしなてんこ〜,92.0,蕎麦割烹居酒屋　更科天狐〜さらしなてんこ〜,,蕎麦割烹居酒屋　更科天狐〜さらしなてんこ〜,,
1563,TENPO#0053,新橋店,プラネット　魚豪商 コダマ新橋店,90.8,【定期清掃】株式会社オン・ザ・プラネット　魚豪商 コダマ新橋店,,"魚豪商 コダマ, 日本、〒105-0004 東京都港区新橋４丁目１９−１０ タカソビル 1F A",,
1565,TENPO#0053,新橋店,メティウスフーズ ピッツェリア ドォーロ 新橋店,92.2,【床再清掃】メティウスフーズ ピッツェリア ドォーロ 新橋店,,ピッツェリア ドォーロ 新橋店,,
1566,TENPO#77f42e59665b,N,神奈川県横浜市神奈川区鶴屋町2-16-4 エフテムビルNo.1,93.4,【打ち合わせ】Goonies 伊藤さん16:00〜17:00,,神奈川県横浜市神奈川区鶴屋町2-16-4 エフテムビルNo.1,,
1568,TENPO#77f42e59665b,N,〒105-0004 東京都港区新橋４丁目１４−１ AUNビル B1F,94.0,【定期清掃】株式会社オン・ザ・プラネット　ニューサカナヤキオ,,"〒105-0004 東京都港区新橋４丁目１４−１ AUNビル B1F,1F",,
1569,TENPO#0113,工場,ニーハオ蒲田　工場,89.6,【定期清掃】ニーハオ蒲田　工場,,"你好(ニーハオ)大飯店, 日本、〒144-0052 東京都大田区蒲田４丁目３６−８ プランドール",,
1571,TENPO#0020,モンキーツリー 店舗未設定,モンキーツリー,89.4,モンキーツリー　定期清掃/ラグ交換,,モンキーツリー馬喰町,,
1572,TENPO#0058,ニューイブシオ,プラネット　新燻男ニューイブシオ,91.0,【定期清掃】株式会社オン・ザ・プラネット　新燻男ニューイブシオ,,新燻男ニューイブシオ,,
1574,TENPO#0061,大衆寿司酒場 こがね商店,大衆寿司酒場 こがね商店,100.0,【定期清掃】大衆寿司酒場 こがね商店（日曜定休）,,"大衆寿司酒場 こがね商店, 日本、〒340-0034 埼玉県草加市氷川町２１２４−１４",,
1575,TENPO#0042,麹町店,株式会社メティウスフーズ ピッツェリアドォーロ麹町店,92.2,株式会社メティウスフーズ ピッツェリアドォーロ麹町店,,"ピッツェリア ドォーロ 麹町店, 日本、〒102-0083 東京都千代田区麹町４丁目３−１０ 小倉ビル 1F",,
1576,TENPO#0048,代々木店,武蔵野アブラ学会　代々木店,90.4,【定期清掃】武蔵野アブラ学会　代々木店,,"武蔵野アブラ学会 代々木店, 日本、〒151-0053 東京都渋谷区代々木１丁目５８−７",,
1578,TENPO#77f42e59665b,N,〒105-0004 東京都港区新橋４丁目１４−１ AUNビル 3階,93.8,【定期清掃】株式会社オン・ザ・プラネット　ホルモンのマンモス,,〒105-0004 東京都港区新橋４丁目１４−１ AUNビル 3階,,
1580,TENPO#77f42e59665b,N,〒105-0004 東京都港区新橋４丁目１４−１ AUNビル 3階,93.8,株式会社オン・ザ・プラネット　ホルモンのマンモス,,〒105-0004 東京都港区新橋４丁目１４−１ AUNビル 3階,,
1581,TENPO#0018,西新宿店,デイジイ西新宿店 (DAISY),90.6,【定期清掃】パン屋 デイジイ西新宿,,"デイジイ西新宿店 (DAISY), 日本、〒160-0023 東京都新宿区西新宿６丁目１１−３ Dタワー西新宿 １階",,
1584,TENPO#0080,Mahaloh Import Shop,Mahaloh Import Shop,100.0,Mahaloh Import Shop 清掃　梅岡案件清掃,,"Mahaloh Import Shop, 日本、〒230-0041 神奈川県横浜市鶴見区潮田町３丁目１４２−５",,
1585,TENPO#0113,工場,ニーハオ蒲田　工場,89.6,【定期清掃】ニーハオ蒲田　工場,,"你好(ニーハオ)大飯店, 日本、〒144-0052 東京都大田区蒲田４丁目３６−８ プランドール",,
1587,TENPO#0053,新橋店,プラネット　魚豪商 コダマ新橋店,90.8,【定期清掃】株式会社オン・ザ・プラネット　魚豪商 コダマ新橋店,,"魚豪商 コダマ, 日本、〒105-0004 東京都港区新橋４丁目１９−１０ タカソビル 1F A",,
1588,TENPO#0132,atomic BAR,六本木 ATOMIC BAR ゴミ回収,91.2,【定期ゴミ回収】六本木 ATOMIC BAR ゴミ回収,,,,
1591,TENPO#0057,弐,魚焼男弐　外注案件,89.6,【スポット清掃】魚焼男弐　外注案件,,"魚焼男 弐, 日本、〒105-0004 東京都港区新橋３丁目１５−８ 精工ビル B1F",,
1592,TENPO#0053,新橋店,プラネット　魚豪商 コダマ新橋店,90.8,【定期清掃】株式会社オン・ザ・プラネット　魚豪商 コダマ新橋店,,"魚豪商 コダマ, 日本、〒105-0004 東京都港区新橋４丁目１９−１０ タカソビル 1F A",,
1593,TENPO#0132,atomic BAR,六本木 ATOMIC BAR ゴミ回収,91.2,【定期ゴミ回収】六本木 ATOMIC BAR ゴミ回収,,,,
1594,TENPO#0104,Japanese Bar　猪鹿蝶,猪鹿蝶,88.6,【スポット清掃】スモールズ ゴールデン街 トイレ詰まり高圧洗浄,,猪鹿蝶,,
1595,TENPO#0060,大衆寿司酒場こがね,大衆寿司酒場こがね,100.0,【定期清掃】元気ダイニング 大衆寿司酒場こがね（日曜定休）,,"大衆寿司酒場こがね, 日本、〒343-0845 埼玉県越谷市南越谷１丁目２６−９",,
1596,TENPO#0063,大衆串焼き酒場こがね,大衆串焼き酒場こがね,100.0,【定期清掃】大衆串焼き酒場こがね　初回清掃（日曜定休）,,大衆串焼き酒場こがね,,
1600,TENPO#0084,大井町店,ニーハオ大井町店,89.6,【定期清掃】ニーハオ大井町店,,"你好 大井町, 日本、〒140-0011 東京都品川区東大井５丁目１７−４ 高山ビル B1",,
1602,TENPO#77f42e59665b,N,〒105-0004 東京都港区新橋４丁目１４−１ AUNビル 3階,93.8,株式会社オン・ザ・プラネット　ホルモンのマンモス,,〒105-0004 東京都港区新橋４丁目１４−１ AUNビル 3階,,
1603,TENPO#0065,THE MARK GRAND HOTEL,THE MARK GRAND HOTEL,100.0,The mark grand hotel 害虫駆除,,"THE MARK GRAND HOTEL, 日本、〒330-0081 埼玉県さいたま市中央区新都心３−２",,
1604,TENPO#0065,THE MARK GRAND HOTEL,The mark grand hotel,100.0,【定期害虫駆除】The mark grand hotel,,"THE MARK GRAND HOTEL, 日本、〒330-0081 埼玉県さいたま市中央区新都心３−２",,
1605,TENPO#0010,神田店,神田店終わったら請求書送る,90.6,【定期清掃】ニーハオ 神田店,,"ニイハオ 神田店, 日本、〒101-0044 東京都千代田区鍛冶町１丁目６−２ 林ビル B1F",,
1606,TENPO#0066,赤塚店,いのこ板橋区赤塚店,89.8,【定期清掃】いのこ板橋区赤塚店,,"麺処いのこ 赤塚店, 日本、〒175-0093 東京都板橋区赤塚新町３丁目８−２５",,
1607,TENPO#0018,西新宿店,デイジイ西新宿店 (DAISY),90.6,パン屋 デイジイ daisy西新宿,,"デイジイ西新宿店 (DAISY), 日本、〒160-0023 東京都新宿区西新宿６丁目１１−３ Dタワー西新宿 １階",,
1608,TENPO#0053,新橋店,メティウスフーズ ピッツェリア ドォーロ 新橋店,92.2,【定期清掃】メティウスフーズ ピッツェリア ドォーロ 新橋店,,ピッツェリア ドォーロ 新橋店,,
1609,TENPO#0064,竹祥,テイクユー　貝出汁中華そば 竹祥,90.8,【定期清掃】テイクユー　貝出汁中華そば 竹祥,,貝出汁中華そば竹祥,,
1611,TENPO#0040,五反田店,株式会社フォーシーズ クアアイナ 五反田店,91.0,【スポット清掃】株式会社フォーシーズ クアアイナ 五反田店,,"KUA`AINA 五反田店, 日本、〒141-0031 東京都品川区西五反田１丁目２６−７ カノウビル 1F",,
1613,TENPO#0057,弐,プラネット　魚焼男 弐,89.8,【定期清掃】株式会社オン・ザ・プラネット　魚焼男 弐,,"魚焼男 弐, 日本、〒105-0004 東京都港区新橋３丁目１５−８ 精工ビル B1F",,
1614,TENPO#0083,本店,新橋魚焼男 新橋本店_汚水槽,90.4,【現地調査】新橋魚焼男 新橋本店_汚水槽,,,,
1615,TENPO#77f42e59665b,N,【現地調査】DiningCafeHARU,91.6,【店舗】【現地調査】DiningCafeHARU,,"Dining Cafe HARU, 日本、〒135-0016 東京都江東区東陽４丁目１１−３３",,
1616,TENPO#0128,ビストロ エヴォルテ,ビストロ エヴォルテ,100.0,【定期清掃】ビストロ エヴォルテ　（火曜定休）,,"ビストロ エヴォルテ, 日本、〒144-0052 東京都大田区蒲田５丁目２９−１ エクセルピア蒲田３番館 三番館 １F",,
1619,TENPO#0083,本店,富士屋本店日本橋浜町,90.0,【定期清掃】富士屋本店日本橋浜町,,"富士屋本店 日本橋浜町, 日本、〒103-0007 東京都中央区日本橋浜町２丁目２４−２",,
1620,TENPO#0063,大衆串焼き酒場こがね,大衆串焼き酒場こがね,100.0,【定期清掃】大衆串焼き酒場こがね（日曜定休）,,大衆串焼き酒場こがね,,
1622,TENPO#0084,大井町店,プラネット 魚豪商コダマ大井町店,91.0,【定期清掃】オン・ザ・プラネット 魚豪商コダマ大井町店,,,,https://maps.app.goo.gl/59YNnoHRHsu4XY4v7
1623,TENPO#0132,atomic BAR,六本木 ATOMIC BAR ゴミ回収,91.2,【定期ゴミ回収】六本木 ATOMIC BAR ゴミ回収,,,,
1625,TENPO#77f42e59665b,N,訪問ご挨拶_株式会社FIVE SENSES,91.0,訪問ご挨拶_株式会社FIVE SENSES,,東京都台東区上野7-3-2 TSDビル５F,,
1627,TENPO#77f42e59665b,N,〒105-0004 東京都港区新橋４丁目１４−１ AUNビル B1F,94.0,【定期清掃】株式会社オン・ザ・プラネット　ニューサカナヤキオ,,"〒105-0004 東京都港区新橋４丁目１４−１ AUNビル B1F,1F",,
1629,TENPO#0061,大衆寿司酒場 こがね商店,大衆寿司酒場 こがね商店,100.0,【定期清掃】大衆寿司酒場 こがね商店（日曜定休）,,"大衆寿司酒場 こがね商店, 日本、〒340-0034 埼玉県草加市氷川町２１２４−１４",,
